{
  "type": "FeatureCollection",
  "name": "Benwadi_Gat_32_Drone_Resurvey",
  "crs": {
    "type": "name",
    "properties": {
      "name": "urn:ogc:def:crs:OGC:1.3:CRS84"
    }
  },
  "features": [
    {
      "type": "Feature",
      "properties": {
        "parcel_id": "MH-AHM-KAR-BEN-32",
        "survey_no": "32",
        "gat_no": "32",
        "village": "Benwadi (बेनवडी)",
        "taluka": "Karjat (कर्जत)",
        "district": "Ahmednagar (अहमदनगर)",
        "state": "Maharashtra",
        "gis_code": "RVM2613272600130334420000",
        "owner_name": "महादेव बाळू गदादे, दशरथ बाळू गदादे, पांडूरंग गणपती बांगर",
        "all_owners": [
          "महादेव बाळू गदादे, दशरथ बाळू गदादे",
          "पांडूरंग गणपती बांगर",
          "कमल त्रिंबक भोसले",
          "धन्याबाई यशवंत कचरे",
          "नर्मदा दत्तु भोसले",
          "कमल त्रिंबक भोसले, धनाबाई यशवंत कचरे, नर्मदा दत्तू भोसले, चंदूबाई पांडुरंग काळे, पांडुरंग गणपती बांगर",
          "चंदूबाई पांडूरंग काळे",
          "पार्वती रामा नेटके",
          "कल्याण रामू भाकरे, निलावती बिभिषण गायकवाड, कामिना काशिनाथ जंजिरे",
          "बाप्पू रंगनाथ कांबळे",
          "बायडा भिमराव गाडे",
          "कोमल  पांडुरंग  कांबळे अ पा क आई सुनिता पांडुरंग कांबळे, शितल  नितीन  गाडे, सचिन  पांडुरंग  कांबळे, सुनिता  पांडुरंग  कांबळे, निखिल  पांडुरंग  कांबळे अ पा क आई सुनिता पांडुरंग कांबळे",
          "काशिनाथ रंगनाथ कांबळे",
          "छाया विलास घोडके",
          "धोंडीराम रंगनाथ कांबळे",
          "राहीबाई रंगनाथ कांबळे",
          "मिराबाई प्रकाश उजागरे",
          "सरकारी फॉरेस्ट, शंकर गेणू परीट",
          "महाराष्ट्र शासन राखीव वन",
          "बायडाबाई दादा काळे, बायडाबाई शिवाजी जाधव, बबई हरीदास गदादे, देऊबाई आप्पा अनारसे, नवनाथ ज्ञानदेव काळे, चांगदेव दादा काळे, गोजाबाई ज्ञानदेव काळे, राजू ज्ञानदेव काळे, सुभाबाई गोकुळ सायकर, इंदूबाई सुभाष कुलांगे, मालन मच्छिंद्र गारडे, अजिनाथ दादा काळे",
          "सूमन रामदास शिंदे",
          "विठठल गूलाब खूडे",
          "पोपट गूलाब खूडे",
          "जनाबाई चंदर सकट",
          "आदिकाबाई अंबादास केंदळे",
          "आविदाबाई दशरथ केंदळे",
          "नर्मदा  शिवाजी  खुडे, समाबाई  केरा  भिसे, शालन  जवान  भिसे, इंदुबाई  छगन  खुडे, कांतीलाल  छगन  खुडे, चंदर  केरा  भिसे, जवान  केरा  भिसे, त्रिंबक  विश्वनाथ  खुडे, धोंडीबा  विठ्ठल  खुडे, पुनम  रमेश  मोरे, प्रमोद  रमेश  मोरे, बबन  विश्वनाथ  खुडे, मथुराबाई   काशिनाथ   शेंडगे, मंदाबाई  माणिक  घोडे, मधु  केरा  भिसे, मनीषा  शशिकांत  कांबळे, मालन  हनुमंत  ढावरे, मुक्ताबाई  बाबु  केंदले, राजेंद्र  शिवाजी  खुडे, राहुल  रमेश  मोरे, लोचना  श्रीरंग  भिसे, विजय  शिवाजी  खुडे, वैजता  साहेबराव  भिसे, सकुबाई  दगडु  घोडे, संताराम  केरा  भिसे, संतोष  छगन  खुडे, साहेबराव  धिंगाण  भिसे, सोजाबाई  संतराम  भिसे, लाडाबाई  धिंगाण  भिसे",
          "राणी सुभाष सुद्रिक, परशुराम मारुती खेडकर, रुपाली रोहिदास शेळके",
          "प्रविण विठ्ठल कांबळे, राहुल विठ्ठल कांबळे, आनतोन व्हिक्टर आलन, सरस्वती  विठ्ठल कांबळे, सुभद्रा लक्ष्मण थोरात",
          "स्वाती संतोष खरात, अनुसया सदानंद घोडके, संतोष सदानंद घोडके, ज्योती समाधान बढेकर",
          "हरीदास शंकर अडबल",
          "नारायण शंकर अडबल",
          "देविदास शंकर अडबल",
          "रेवनाथ सिताराम खुडे",
          "बबई सिताराम खुडे",
          "बबई सिताराम खुडे, रेवन्नाथ सिताराम खुडे, भाग्यश्री अनिल क्षिरसागर, मनिषा राजू लोंढे, वनिता भाऊसाहेब निक्षे, संगिता विलास कांबळे, वर्षा संजय मिसाळ",
          "दिलीप पिराजी खूडे",
          "राजेंद्र पिराजी खूडे",
          "बबन पिराजी खूडे",
          "नारायण पिराजी खुडे",
          "चंद्रकांत केरबा खुडे, रामचंद्र केरबा खुडे, मैनावती विजय कुचेकर, चतुराबाई अंकुश तोरडमल, दत्ता सुरेश खुडे, दिपाली बाळासाहेब मोरे, नागरबाई केरबा खुडे, बाळू केरबा खुडे, वैशाली सुरेश खुडे, लता अशोक अडागळे",
          "बबन जगन्नाथ कांबळे, चंद्रभागा जगन्नाथ कांबळे, कालिंदा रावबा भालेराव, छगन जगन्नाथ कांबळे, बाबा भूनाजी अडसूळ, मिना राजेंद्र कांबळे, राही बाळू आढाव, रोहिणी शामराव थोरात, विद्या धनराज पालवे, सिंधू अमृत चव्हाण, सुभाष बाबा अडसूळ",
          "भाऊसाहेब बाबू कांबळे",
          "मधूकर बाबू कांबळे",
          "लक्ष्मण बाबू कांबळे",
          "दिपक सदाशिव कांबळे, राजर्षी  सदाशिव कांबळे, विनोद सदाशिव कांबळे, राणी मंगेश लोंढे",
          "भाऊसाहेब गणपत वाघ, हरिश्चंद्र गंगाधर चव्हाण",
          "नागरबाई मोहन लोंढे, गोरख शंकर डमरे, बलभिम शंकर डमरे, जांलिदर शंकर डमरे",
          "भिमराव गणपत कांबळे",
          "शामराव गणपत कांबळे",
          "रघूनाथ गणपत कांबळे",
          "नवनाथ सोपान कांबळे, शोभा बाळासाहेब ठोकळे, सुरज सोमनाथ कांबळे, सुषमा रमेश साबळे, जिंगुबाई सोपान कांबळे, गंगा सोमनाथ कांबळे, तेजस सोमनाथ कांबळे"
        ],
        "khata_no": "2786, 143, 2850, 2851, 2852, 942, 943, 944, 945, 2815, 2816, 2833, 2834, 2835, 2836, 2838, 3005, 2864, 964, 376, 2866, 297, 755, 756, 758, 759, 227, 69, 146, 2855, 898, 899, 900, 2582, 2583, 347, 2448, 2498, 2512, 443, 444, 2646, 204, 225, 277, 331, 3082, 306, 448, 449, 450, 451",
        "area_sqm": 4101751.17,
        "area_acres": 1013.56,
        "area_guntha": 40543.16,
        "land_type": "जिरायत शेती (Jirayat - Rainfed Agricultural)",
        "source": "MahaBhuNaksha Official Live Cadastre",
        "status": "needs_review",
        "confidence_score": 84.9,
        "old_survey_area_acres": 1013.56,
        "old_survey_area_sqm": 4101751.17,
        "new_survey_area_acres": 1039.91,
        "new_survey_area_sqm": 4208396.7,
        "area_diff_pct": 2.6,
        "mean_shift_m": 2.1,
        "iou_overlap_pct": 93.4,
        "review_reason": "Drone RTK photogrammetry detects a 2.6% area discrepancy (106646 m²) with a mean bund shift of 2.1m along the farm boundary. Verification recommended.",
        "bhunaksha_geometry": {
          "type": "Polygon",
          "coordinates": [
            [
              [
                75.0022436,
                18.5014833
              ],
              [
                75.0027438,
                18.5006733
              ],
              [
                75.0033144,
                18.4997432
              ],
              [
                75.0038108,
                18.4989273
              ],
              [
                75.00395,
                18.4987542
              ],
              [
                75.0049481,
                18.4973587
              ],
              [
                75.0056819,
                18.4963388
              ],
              [
                75.0069336,
                18.4954146
              ],
              [
                75.007888,
                18.4946893
              ],
              [
                75.0080716,
                18.494607
              ],
              [
                75.0099475,
                18.4935327
              ],
              [
                75.010509,
                18.4922282
              ],
              [
                75.0111381,
                18.4907515
              ],
              [
                75.0111428,
                18.4907405
              ],
              [
                75.0111269,
                18.4907342
              ],
              [
                75.0110652,
                18.4907099
              ],
              [
                75.0108349,
                18.4903814
              ],
              [
                75.0099491,
                18.4890674
              ],
              [
                75.0086507,
                18.4881257
              ],
              [
                75.0085922,
                18.4880596
              ],
              [
                75.0082798,
                18.4872409
              ],
              [
                75.0077625,
                18.4858351
              ],
              [
                75.0070643,
                18.4839785
              ],
              [
                75.0069358,
                18.4836632
              ],
              [
                75.0056171,
                18.4812599
              ],
              [
                75.0046364,
                18.4794295
              ],
              [
                75.0046054,
                18.4793716
              ],
              [
                75.0046028,
                18.4793669
              ],
              [
                75.0045149,
                18.4793132
              ],
              [
                75.0044033,
                18.4792451
              ],
              [
                75.0044003,
                18.4792433
              ],
              [
                75.002691,
                18.4775483
              ],
              [
                75.0025609,
                18.4774628
              ],
              [
                75.0021944,
                18.4767405
              ],
              [
                75.0012708,
                18.4749201
              ],
              [
                75.001152,
                18.4748641
              ],
              [
                74.9998882,
                18.4742027
              ],
              [
                74.9997963,
                18.4742264
              ],
              [
                74.99932,
                18.4743494
              ],
              [
                74.9985704,
                18.4745123
              ],
              [
                74.9979131,
                18.4749122
              ],
              [
                74.996896,
                18.4755466
              ],
              [
                74.9965125,
                18.4757725
              ],
              [
                74.9960838,
                18.4760469
              ],
              [
                74.9956226,
                18.4763325
              ],
              [
                74.9955044,
                18.4763933
              ],
              [
                74.9951767,
                18.4763963
              ],
              [
                74.9945913,
                18.4764156
              ],
              [
                74.9938302,
                18.4764444
              ],
              [
                74.9922827,
                18.4764792
              ],
              [
                74.9915395,
                18.4765179
              ],
              [
                74.991487,
                18.4765306
              ],
              [
                74.9910431,
                18.4765863
              ],
              [
                74.9906894,
                18.4766673
              ],
              [
                74.9898294,
                18.4768474
              ],
              [
                74.9888756,
                18.4770644
              ],
              [
                74.988237,
                18.477205
              ],
              [
                74.9872082,
                18.4773262
              ],
              [
                74.9858512,
                18.4774801
              ],
              [
                74.9854626,
                18.4775271
              ],
              [
                74.9842348,
                18.4776737
              ],
              [
                74.9841238,
                18.4776959
              ],
              [
                74.9839481,
                18.4777325
              ],
              [
                74.9833917,
                18.4778202
              ],
              [
                74.9826316,
                18.477718
              ],
              [
                74.9823598,
                18.4776867
              ],
              [
                74.9813966,
                18.477552
              ],
              [
                74.9809842,
                18.4774979
              ],
              [
                74.9802862,
                18.4774062
              ],
              [
                74.979276,
                18.4772809
              ],
              [
                74.9781569,
                18.4771262
              ],
              [
                74.977816,
                18.477072
              ],
              [
                74.9771101,
                18.4768941
              ],
              [
                74.9758476,
                18.4764614
              ],
              [
                74.9756058,
                18.4763941
              ],
              [
                74.9754217,
                18.4763571
              ],
              [
                74.9744645,
                18.4761173
              ],
              [
                74.9741691,
                18.4761076
              ],
              [
                74.9741544,
                18.4761069
              ],
              [
                74.9744938,
                18.4770585
              ],
              [
                74.9744231,
                18.4772513
              ],
              [
                74.9743054,
                18.4775613
              ],
              [
                74.9738339,
                18.4787799
              ],
              [
                74.9735925,
                18.4793695
              ],
              [
                74.9732494,
                18.4802393
              ],
              [
                74.9729755,
                18.4809517
              ],
              [
                74.9733209,
                18.4814159
              ],
              [
                74.9763936,
                18.4815755
              ],
              [
                74.978008,
                18.4816879
              ],
              [
                74.9780935,
                18.4816697
              ],
              [
                74.9794508,
                18.4815335
              ],
              [
                74.9795601,
                18.481553
              ],
              [
                74.981367,
                18.4806508
              ],
              [
                74.9814531,
                18.4819683
              ],
              [
                74.9815711,
                18.4838079
              ],
              [
                74.9795609,
                18.4836495
              ],
              [
                74.9791433,
                18.4836012
              ],
              [
                74.9792142,
                18.4837075
              ],
              [
                74.9801126,
                18.4846916
              ],
              [
                74.980406,
                18.4849963
              ],
              [
                74.9805543,
                18.4851345
              ],
              [
                74.9807571,
                18.485348
              ],
              [
                74.9813697,
                18.4865978
              ],
              [
                74.9814959,
                18.4866372
              ],
              [
                74.9823707,
                18.4867343
              ],
              [
                74.9838764,
                18.4869059
              ],
              [
                74.9835603,
                18.4858306
              ],
              [
                74.9834185,
                18.4853685
              ],
              [
                74.983633,
                18.4850104
              ],
              [
                74.9846625,
                18.4852787
              ],
              [
                74.9850499,
                18.485629
              ],
              [
                74.9858455,
                18.4853357
              ],
              [
                74.9862851,
                18.485183
              ],
              [
                74.9863671,
                18.4851516
              ],
              [
                74.986331,
                18.4849983
              ],
              [
                74.9862009,
                18.4838848
              ],
              [
                74.9861615,
                18.4835917
              ],
              [
                74.9872284,
                18.4841339
              ],
              [
                74.9872379,
                18.4830463
              ],
              [
                74.9876978,
                18.482769
              ],
              [
                74.9878281,
                18.4823192
              ],
              [
                74.9881551,
                18.4823622
              ],
              [
                74.9888481,
                18.482452
              ],
              [
                74.9890862,
                18.4828901
              ],
              [
                74.9892514,
                18.4829374
              ],
              [
                74.9894196,
                18.4830772
              ],
              [
                74.9897725,
                18.4833973
              ],
              [
                74.9894464,
                18.4842884
              ],
              [
                74.9890753,
                18.4842613
              ],
              [
                74.9890245,
                18.4848291
              ],
              [
                74.989579,
                18.4847919
              ],
              [
                74.9901934,
                18.4843162
              ],
              [
                74.9901873,
                18.4839533
              ],
              [
                74.9908126,
                18.4835417
              ],
              [
                74.9908137,
                18.483373
              ],
              [
                74.990939,
                18.4833127
              ],
              [
                74.991338,
                18.4831822
              ],
              [
                74.9913621,
                18.4834335
              ],
              [
                74.9912455,
                18.4835257
              ],
              [
                74.9912522,
                18.4838041
              ],
              [
                74.9908924,
                18.4843991
              ],
              [
                74.9913196,
                18.4844872
              ],
              [
                74.9912821,
                18.4846908
              ],
              [
                74.9908004,
                18.484749
              ],
              [
                74.9908642,
                18.4856441
              ],
              [
                74.9906167,
                18.4858099
              ],
              [
                74.9906369,
                18.4861942
              ],
              [
                74.9908159,
                18.4860702
              ],
              [
                74.9916269,
                18.4853918
              ],
              [
                74.9922428,
                18.4848804
              ],
              [
                74.9924368,
                18.4841193
              ],
              [
                74.9928979,
                18.4836099
              ],
              [
                74.9935982,
                18.4828349
              ],
              [
                74.9940609,
                18.4823158
              ],
              [
                74.9941161,
                18.4822481
              ],
              [
                74.994161,
                18.4825014
              ],
              [
                74.9944087,
                18.4830618
              ],
              [
                74.9948936,
                18.4841461
              ],
              [
                74.9952714,
                18.4849557
              ],
              [
                74.9954891,
                18.4856425
              ],
              [
                74.995598,
                18.4855611
              ],
              [
                74.9961419,
                18.4854617
              ],
              [
                74.9961538,
                18.4854584
              ],
              [
                74.9961603,
                18.4854563
              ],
              [
                74.9961668,
                18.485454
              ],
              [
                74.9961731,
                18.4854514
              ],
              [
                74.9961794,
                18.4854486
              ],
              [
                74.9961856,
                18.4854456
              ],
              [
                74.9961916,
                18.4854423
              ],
              [
                74.9961976,
                18.4854389
              ],
              [
                74.9962034,
                18.4854353
              ],
              [
                74.9962091,
                18.4854314
              ],
              [
                74.9962147,
                18.4854274
              ],
              [
                74.9962201,
                18.4854231
              ],
              [
                74.9962253,
                18.4854187
              ],
              [
                74.9962304,
                18.4854141
              ],
              [
                74.9962354,
                18.4854093
              ],
              [
                74.9962401,
                18.4854043
              ],
              [
                74.9962447,
                18.4853992
              ],
              [
                74.9962795,
                18.48536
              ],
              [
                74.9963059,
                18.4853314
              ],
              [
                74.9963328,
                18.4853033
              ],
              [
                74.9963602,
                18.4852756
              ],
              [
                74.996388,
                18.4852485
              ],
              [
                74.9964164,
                18.4852218
              ],
              [
                74.9964452,
                18.4851956
              ],
              [
                74.9964744,
                18.48517
              ],
              [
                74.9965041,
                18.4851448
              ],
              [
                74.9965169,
                18.485134
              ],
              [
                74.9965279,
                18.4851243
              ],
              [
                74.9965387,
                18.4851144
              ],
              [
                74.9965493,
                18.4851043
              ],
              [
                74.9965598,
                18.4850941
              ],
              [
                74.9965701,
                18.4850836
              ],
              [
                74.9965802,
                18.485073
              ],
              [
                74.9965902,
                18.4850622
              ],
              [
                74.9965999,
                18.4850512
              ],
              [
                74.9966095,
                18.4850401
              ],
              [
                74.9966188,
                18.4850287
              ],
              [
                74.9966279,
                18.4850173
              ],
              [
                74.9966369,
                18.4850056
              ],
              [
                74.9966456,
                18.4849939
              ],
              [
                74.9966542,
                18.4849819
              ],
              [
                74.9966625,
                18.4849698
              ],
              [
                74.9966728,
                18.4849552
              ],
              [
                74.9966784,
                18.4849476
              ],
              [
                74.9966841,
                18.4849401
              ],
              [
                74.99669,
                18.4849327
              ],
              [
                74.996696,
                18.4849254
              ],
              [
                74.9967021,
                18.4849183
              ],
              [
                74.9967083,
                18.4849112
              ],
              [
                74.9967147,
                18.4849042
              ],
              [
                74.9967212,
                18.4848974
              ],
              [
                74.9967278,
                18.4848907
              ],
              [
                74.9967345,
                18.4848841
              ],
              [
                74.9967413,
                18.4848776
              ],
              [
                74.9967483,
                18.4848712
              ],
              [
                74.9967554,
                18.484865
              ],
              [
                74.9967625,
                18.4848588
              ],
              [
                74.9967698,
                18.4848528
              ],
              [
                74.9967772,
                18.484847
              ],
              [
                74.9967846,
                18.4848412
              ],
              [
                74.9967922,
                18.4848356
              ],
              [
                74.9967999,
                18.4848302
              ],
              [
                74.9968077,
                18.4848248
              ],
              [
                74.9968155,
                18.4848196
              ],
              [
                74.9968235,
                18.4848146
              ],
              [
                74.9968315,
                18.4848097
              ],
              [
                74.9968396,
                18.4848049
              ],
              [
                74.9968478,
                18.4848003
              ],
              [
                74.9968561,
                18.4847958
              ],
              [
                74.9968645,
                18.4847914
              ],
              [
                74.9968729,
                18.4847872
              ],
              [
                74.9968814,
                18.4847832
              ],
              [
                74.99689,
                18.4847793
              ],
              [
                74.9968987,
                18.4847755
              ],
              [
                74.9969074,
                18.4847719
              ],
              [
                74.996925,
                18.4847645
              ],
              [
                74.9969354,
                18.4847599
              ],
              [
                74.9969456,
                18.4847551
              ],
              [
                74.9969558,
                18.4847501
              ],
              [
                74.9969659,
                18.484745
              ],
              [
                74.9969758,
                18.4847396
              ],
              [
                74.9969857,
                18.4847341
              ],
              [
                74.9969955,
                18.4847284
              ],
              [
                74.9970052,
                18.4847226
              ],
              [
                74.9970148,
                18.4847165
              ],
              [
                74.9970243,
                18.4847103
              ],
              [
                74.9970336,
                18.484704
              ],
              [
                74.9970429,
                18.4846975
              ],
              [
                74.997052,
                18.4846908
              ],
              [
                74.997061,
                18.484684
              ],
              [
                74.9970699,
                18.484677
              ],
              [
                74.9970787,
                18.4846698
              ],
              [
                74.9970874,
                18.4846625
              ],
              [
                74.9970959,
                18.484655
              ],
              [
                74.9971043,
                18.4846474
              ],
              [
                74.9971125,
                18.4846397
              ],
              [
                74.9971189,
                18.4846338
              ],
              [
                74.9971235,
                18.4846296
              ],
              [
                74.9971283,
                18.4846255
              ],
              [
                74.9971331,
                18.4846215
              ],
              [
                74.997138,
                18.4846175
              ],
              [
                74.9971429,
                18.4846137
              ],
              [
                74.997148,
                18.48461
              ],
              [
                74.997153,
                18.4846063
              ],
              [
                74.9971582,
                18.4846027
              ],
              [
                74.9971634,
                18.4845992
              ],
              [
                74.9971687,
                18.4845958
              ],
              [
                74.997174,
                18.4845925
              ],
              [
                74.9971794,
                18.4845893
              ],
              [
                74.9971848,
                18.4845862
              ],
              [
                74.9971903,
                18.4845832
              ],
              [
                74.9971958,
                18.4845803
              ],
              [
                74.9972014,
                18.4845775
              ],
              [
                74.9972071,
                18.4845748
              ],
              [
                74.9972128,
                18.4845721
              ],
              [
                74.9972185,
                18.4845696
              ],
              [
                74.9972374,
                18.4845612
              ],
              [
                74.9972503,
                18.4845552
              ],
              [
                74.9972631,
                18.4845489
              ],
              [
                74.9972759,
                18.4845423
              ],
              [
                74.9972885,
                18.4845356
              ],
              [
                74.9973009,
                18.4845286
              ],
              [
                74.9973133,
                18.4845214
              ],
              [
                74.9973255,
                18.484514
              ],
              [
                74.9973376,
                18.4845064
              ],
              [
                74.9973496,
                18.4844985
              ],
              [
                74.9973614,
                18.4844905
              ],
              [
                74.9973731,
                18.4844822
              ],
              [
                74.9973846,
                18.4844738
              ],
              [
                74.997396,
                18.4844651
              ],
              [
                74.9974601,
                18.484414
              ],
              [
                74.9974955,
                18.4843842
              ],
              [
                74.9975305,
                18.4843538
              ],
              [
                74.9975649,
                18.4843228
              ],
              [
                74.9975723,
                18.4843159
              ],
              [
                74.9975772,
                18.484311
              ],
              [
                74.997582,
                18.4843061
              ],
              [
                74.9975867,
                18.4843011
              ],
              [
                74.9975914,
                18.4842961
              ],
              [
                74.9975959,
                18.4842909
              ],
              [
                74.9976004,
                18.4842857
              ],
              [
                74.9976048,
                18.4842804
              ],
              [
                74.9976091,
                18.484275
              ],
              [
                74.9976133,
                18.4842695
              ],
              [
                74.9976173,
                18.484264
              ],
              [
                74.9976213,
                18.4842584
              ],
              [
                74.9976252,
                18.4842527
              ],
              [
                74.997629,
                18.4842469
              ],
              [
                74.9976327,
                18.4842411
              ],
              [
                74.9976363,
                18.4842353
              ],
              [
                74.9976398,
                18.4842293
              ],
              [
                74.9976432,
                18.4842233
              ],
              [
                74.9976465,
                18.4842173
              ],
              [
                74.9976496,
                18.4842112
              ],
              [
                74.9976527,
                18.484205
              ],
              [
                74.9976557,
                18.4841988
              ],
              [
                74.9976585,
                18.4841925
              ],
              [
                74.9976613,
                18.4841862
              ],
              [
                74.9976639,
                18.4841798
              ],
              [
                74.9976664,
                18.4841734
              ],
              [
                74.9976688,
                18.4841669
              ],
              [
                74.9976711,
                18.4841604
              ],
              [
                74.9976733,
                18.4841539
              ],
              [
                74.9976754,
                18.4841473
              ],
              [
                74.9976773,
                18.4841407
              ],
              [
                74.9976791,
                18.4841341
              ],
              [
                74.9976809,
                18.4841274
              ],
              [
                74.9976825,
                18.4841207
              ],
              [
                74.9976839,
                18.484114
              ],
              [
                74.9976853,
                18.4841072
              ],
              [
                74.9976866,
                18.4841004
              ],
              [
                74.9976877,
                18.4840936
              ],
              [
                74.9976887,
                18.4840868
              ],
              [
                74.9976896,
                18.48408
              ],
              [
                74.9976904,
                18.4840731
              ],
              [
                74.997691,
                18.4840662
              ],
              [
                74.9976926,
                18.4840534
              ],
              [
                74.9976942,
                18.4840453
              ],
              [
                74.9976963,
                18.4840372
              ],
              [
                74.9976987,
                18.4840292
              ],
              [
                74.9977016,
                18.4840214
              ],
              [
                74.9977048,
                18.4840138
              ],
              [
                74.9977085,
                18.4840063
              ],
              [
                74.9977125,
                18.483999
              ],
              [
                74.997717,
                18.483992
              ],
              [
                74.9977217,
                18.4839852
              ],
              [
                74.9977269,
                18.4839787
              ],
              [
                74.9977323,
                18.4839724
              ],
              [
                74.9977381,
                18.4839664
              ],
              [
                74.9977442,
                18.4839608
              ],
              [
                74.9977506,
                18.4839555
              ],
              [
                74.9977572,
                18.4839505
              ],
              [
                74.9977641,
                18.4839459
              ],
              [
                74.9977713,
                18.4839416
              ],
              [
                74.9977786,
                18.4839377
              ],
              [
                74.9977862,
                18.4839342
              ],
              [
                74.9977939,
                18.4839312
              ],
              [
                74.9978017,
                18.4839285
              ],
              [
                74.9978097,
                18.4839262
              ],
              [
                74.9978178,
                18.4839244
              ],
              [
                74.9978309,
                18.4839215
              ],
              [
                74.9978422,
                18.4839186
              ],
              [
                74.9978533,
                18.4839153
              ],
              [
                74.9978642,
                18.4839116
              ],
              [
                74.9978751,
                18.4839076
              ],
              [
                74.9978858,
                18.4839031
              ],
              [
                74.9978963,
                18.4838983
              ],
              [
                74.9979067,
                18.4838931
              ],
              [
                74.9979168,
                18.4838876
              ],
              [
                74.9979268,
                18.4838817
              ],
              [
                74.9979365,
                18.4838754
              ],
              [
                74.9979461,
                18.4838688
              ],
              [
                74.9979554,
                18.4838619
              ],
              [
                74.9979644,
                18.4838547
              ],
              [
                74.9979732,
                18.4838471
              ],
              [
                74.9979817,
                18.4838393
              ],
              [
                74.99799,
                18.4838311
              ],
              [
                74.9979979,
                18.4838227
              ],
              [
                74.9980056,
                18.483814
              ],
              [
                74.9980129,
                18.483805
              ],
              [
                74.9980199,
                18.4837958
              ],
              [
                74.9980266,
                18.4837864
              ],
              [
                74.998033,
                18.4837767
              ],
              [
                74.9980515,
                18.4837483
              ],
              [
                74.998063,
                18.4837314
              ],
              [
                74.9980749,
                18.4837148
              ],
              [
                74.998087,
                18.4836984
              ],
              [
                74.9980994,
                18.4836823
              ],
              [
                74.9981121,
                18.4836663
              ],
              [
                74.998125,
                18.4836506
              ],
              [
                74.9981382,
                18.4836351
              ],
              [
                74.9981517,
                18.4836198
              ],
              [
                74.9981655,
                18.4836048
              ],
              [
                74.9981795,
                18.48359
              ],
              [
                74.9981938,
                18.4835754
              ],
              [
                74.9982083,
                18.4835611
              ],
              [
                74.9982231,
                18.4835471
              ],
              [
                74.9982381,
                18.4835333
              ],
              [
                74.9982534,
                18.4835198
              ],
              [
                74.9982689,
                18.4835066
              ],
              [
                74.9982846,
                18.4834937
              ],
              [
                74.9983006,
                18.483481
              ],
              [
                74.9983242,
                18.4834619
              ],
              [
                74.9983374,
                18.4834507
              ],
              [
                74.9983505,
                18.4834393
              ],
              [
                74.9983633,
                18.4834276
              ],
              [
                74.9983759,
                18.4834157
              ],
              [
                74.9983884,
                18.4834036
              ],
              [
                74.9984006,
                18.4833913
              ],
              [
                74.9984126,
                18.4833788
              ],
              [
                74.9984243,
                18.483366
              ],
              [
                74.9984359,
                18.4833531
              ],
              [
                74.9984472,
                18.4833399
              ],
              [
                74.9984583,
                18.4833266
              ],
              [
                74.9984691,
                18.483313
              ],
              [
                74.9984797,
                18.4832993
              ],
              [
                74.9984901,
                18.4832854
              ],
              [
                74.9985002,
                18.4832713
              ],
              [
                74.9985117,
                18.4832555
              ],
              [
                74.9985201,
                18.4832444
              ],
              [
                74.9985286,
                18.4832335
              ],
              [
                74.9985374,
                18.4832228
              ],
              [
                74.9985463,
                18.4832122
              ],
              [
                74.9985554,
                18.4832017
              ],
              [
                74.9985647,
                18.4831914
              ],
              [
                74.9985742,
                18.4831813
              ],
              [
                74.9985839,
                18.4831714
              ],
              [
                74.9985937,
                18.4831616
              ],
              [
                74.9986037,
                18.483152
              ],
              [
                74.9986139,
                18.4831426
              ],
              [
                74.9986242,
                18.4831333
              ],
              [
                74.9986347,
                18.4831242
              ],
              [
                74.9986453,
                18.4831154
              ],
              [
                74.9986561,
                18.4831067
              ],
              [
                74.9986671,
                18.4830982
              ],
              [
                74.9986782,
                18.4830899
              ],
              [
                74.9986894,
                18.4830817
              ],
              [
                74.9987008,
                18.4830738
              ],
              [
                74.9987123,
                18.4830661
              ],
              [
                74.9987239,
                18.4830586
              ],
              [
                74.9987357,
                18.4830513
              ],
              [
                74.9987476,
                18.4830442
              ],
              [
                74.9987596,
                18.4830373
              ],
              [
                74.9987718,
                18.4830306
              ],
              [
                74.9987841,
                18.4830242
              ],
              [
                74.9987964,
                18.4830179
              ],
              [
                74.9988089,
                18.4830119
              ],
              [
                74.9988345,
                18.4829994
              ],
              [
                74.9988489,
                18.4829918
              ],
              [
                74.9988632,
                18.4829841
              ],
              [
                74.9988773,
                18.4829761
              ],
              [
                74.9988913,
                18.4829678
              ],
              [
                74.9989051,
                18.4829593
              ],
              [
                74.9989188,
                18.4829505
              ],
              [
                74.9989324,
                18.4829416
              ],
              [
                74.9989458,
                18.4829323
              ],
              [
                74.998959,
                18.4829229
              ],
              [
                74.9989721,
                18.4829132
              ],
              [
                74.9989849,
                18.4829033
              ],
              [
                74.9989976,
                18.4828931
              ],
              [
                74.9990102,
                18.4828828
              ],
              [
                74.9990225,
                18.4828722
              ],
              [
                74.9990347,
                18.4828614
              ],
              [
                74.9990466,
                18.4828504
              ],
              [
                74.9990584,
                18.4828392
              ],
              [
                74.99907,
                18.4828278
              ],
              [
                74.9990814,
                18.4828161
              ],
              [
                74.9990925,
                18.4828043
              ],
              [
                74.9991035,
                18.4827923
              ],
              [
                74.9991142,
                18.4827801
              ],
              [
                74.9991248,
                18.4827677
              ],
              [
                74.9991351,
                18.4827551
              ],
              [
                74.9991452,
                18.4827424
              ],
              [
                74.9991551,
                18.4827295
              ],
              [
                74.9991637,
                18.4827183
              ],
              [
                74.9991683,
                18.4827128
              ],
              [
                74.9991729,
                18.4827073
              ],
              [
                74.9991776,
                18.482702
              ],
              [
                74.9991824,
                18.4826967
              ],
              [
                74.9991873,
                18.4826915
              ],
              [
                74.9991923,
                18.4826864
              ],
              [
                74.9991974,
                18.4826814
              ],
              [
                74.9992025,
                18.4826765
              ],
              [
                74.9992078,
                18.4826716
              ],
              [
                74.9992131,
                18.4826669
              ],
              [
                74.9992185,
                18.4826623
              ],
              [
                74.999224,
                18.4826577
              ],
              [
                74.9992296,
                18.4826533
              ],
              [
                74.9992353,
                18.4826489
              ],
              [
                74.999241,
                18.4826447
              ],
              [
                74.9992468,
                18.4826405
              ],
              [
                74.9992527,
                18.4826365
              ],
              [
                74.9992586,
                18.4826325
              ],
              [
                74.9992646,
                18.4826287
              ],
              [
                74.9992707,
                18.4826249
              ],
              [
                74.9992768,
                18.4826213
              ],
              [
                74.9992894,
                18.4826138
              ],
              [
                74.9992973,
                18.4826088
              ],
              [
                74.9993052,
                18.4826037
              ],
              [
                74.999313,
                18.4825984
              ],
              [
                74.9993207,
                18.482593
              ],
              [
                74.9993283,
                18.4825874
              ],
              [
                74.9993358,
                18.4825818
              ],
              [
                74.9993432,
                18.4825759
              ],
              [
                74.9993505,
                18.48257
              ],
              [
                74.9993577,
                18.4825639
              ],
              [
                74.9993648,
                18.4825577
              ],
              [
                74.9993717,
                18.4825514
              ],
              [
                74.9993786,
                18.482545
              ],
              [
                74.9993854,
                18.4825384
              ],
              [
                74.999392,
                18.4825318
              ],
              [
                74.9993985,
                18.482525
              ],
              [
                74.9994049,
                18.4825181
              ],
              [
                74.9994112,
                18.482511
              ],
              [
                74.9994173,
                18.4825039
              ],
              [
                74.9994234,
                18.4824967
              ],
              [
                74.9994406,
                18.4824762
              ],
              [
                74.9994512,
                18.4824642
              ],
              [
                74.999462,
                18.4824524
              ],
              [
                74.999473,
                18.4824408
              ],
              [
                74.9994843,
                18.4824294
              ],
              [
                74.9994957,
                18.4824182
              ],
              [
                74.9995073,
                18.4824072
              ],
              [
                74.9995191,
                18.4823964
              ],
              [
                74.9995311,
                18.4823858
              ],
              [
                74.9995432,
                18.4823754
              ],
              [
                74.9995556,
                18.4823652
              ],
              [
                74.9995681,
                18.4823553
              ],
              [
                74.9995808,
                18.4823455
              ],
              [
                74.9995937,
                18.482336
              ],
              [
                74.9996067,
                18.4823267
              ],
              [
                74.9996199,
                18.4823177
              ],
              [
                74.9996332,
                18.4823089
              ],
              [
                74.9996467,
                18.4823003
              ],
              [
                74.9996604,
                18.4822919
              ],
              [
                74.9996735,
                18.4822838
              ],
              [
                74.9996826,
                18.482278
              ],
              [
                74.9996916,
                18.4822719
              ],
              [
                74.9997005,
                18.4822657
              ],
              [
                74.9997092,
                18.4822594
              ],
              [
                74.9997179,
                18.4822529
              ],
              [
                74.9997264,
                18.4822462
              ],
              [
                74.9997349,
                18.4822394
              ],
              [
                74.9997432,
                18.4822325
              ],
              [
                74.9997514,
                18.4822254
              ],
              [
                74.9997594,
                18.4822181
              ],
              [
                74.9997674,
                18.4822107
              ],
              [
                74.9997752,
                18.4822032
              ],
              [
                74.9997828,
                18.4821956
              ],
              [
                74.9997904,
                18.4821878
              ],
              [
                74.9997978,
                18.4821799
              ],
              [
                74.999805,
                18.4821718
              ],
              [
                74.9998122,
                18.4821637
              ],
              [
                74.9998191,
                18.4821554
              ],
              [
                74.999826,
                18.4821469
              ],
              [
                74.9998326,
                18.4821384
              ],
              [
                74.9998392,
                18.4821298
              ],
              [
                74.9998456,
                18.482121
              ],
              [
                74.9998518,
                18.4821121
              ],
              [
                74.9998578,
                18.4821031
              ],
              [
                74.9998638,
                18.482094
              ],
              [
                74.9998695,
                18.4820848
              ],
              [
                74.9998751,
                18.4820756
              ],
              [
                74.9998805,
                18.4820662
              ],
              [
                74.9998858,
                18.4820567
              ],
              [
                74.9998909,
                18.4820471
              ],
              [
                74.9998958,
                18.4820374
              ],
              [
                74.9999006,
                18.4820277
              ],
              [
                74.9999069,
                18.4820148
              ],
              [
                74.9999126,
                18.4820037
              ],
              [
                74.9999185,
                18.4819927
              ],
              [
                74.9999245,
                18.4819819
              ],
              [
                74.9999308,
                18.4819711
              ],
              [
                74.9999373,
                18.4819604
              ],
              [
                74.9999439,
                18.4819499
              ],
              [
                74.9999507,
                18.4819394
              ],
              [
                74.9999577,
                18.4819291
              ],
              [
                74.9999649,
                18.4819189
              ],
              [
                74.9999723,
                18.4819089
              ],
              [
                74.9999798,
                18.4818989
              ],
              [
                74.9999875,
                18.4818891
              ],
              [
                74.9999954,
                18.4818795
              ],
              [
                75.0000034,
                18.48187
              ],
              [
                75.0000116,
                18.4818606
              ],
              [
                75.00002,
                18.4818514
              ],
              [
                75.0000285,
                18.4818423
              ],
              [
                75.0000372,
                18.4818334
              ],
              [
                75.0000461,
                18.4818246
              ],
              [
                75.0000551,
                18.481816
              ],
              [
                75.0000642,
                18.4818075
              ],
              [
                75.0000735,
                18.4817992
              ],
              [
                75.0000829,
                18.4817911
              ],
              [
                75.0000925,
                18.4817831
              ],
              [
                75.0001022,
                18.4817753
              ],
              [
                75.0001251,
                18.4817567
              ],
              [
                75.0001372,
                18.4817463
              ],
              [
                75.0001491,
                18.4817357
              ],
              [
                75.0001608,
                18.481725
              ],
              [
                75.0001723,
                18.481714
              ],
              [
                75.0001836,
                18.4817028
              ],
              [
                75.0001947,
                18.4816914
              ],
              [
                75.0002057,
                18.4816799
              ],
              [
                75.0002164,
                18.4816681
              ],
              [
                75.0002269,
                18.4816562
              ],
              [
                75.0002372,
                18.4816441
              ],
              [
                75.0002644,
                18.4816124
              ],
              [
                75.0002814,
                18.4815935
              ],
              [
                75.0002988,
                18.4815748
              ],
              [
                75.0003165,
                18.4815565
              ],
              [
                75.0003346,
                18.4815384
              ],
              [
                75.0003529,
                18.4815207
              ],
              [
                75.0003716,
                18.4815033
              ],
              [
                75.0003905,
                18.4814863
              ],
              [
                75.0004098,
                18.4814695
              ],
              [
                75.0004379,
                18.4814448
              ],
              [
                75.0004567,
                18.4814277
              ],
              [
                75.0004751,
                18.4814103
              ],
              [
                75.0004932,
                18.4813925
              ],
              [
                75.000511,
                18.4813744
              ],
              [
                75.0005285,
                18.481356
              ],
              [
                75.0005456,
                18.4813373
              ],
              [
                75.0005624,
                18.4813183
              ],
              [
                75.0005789,
                18.481299
              ],
              [
                75.0005843,
                18.4812928
              ],
              [
                75.0005912,
                18.4812853
              ],
              [
                75.0005983,
                18.481278
              ],
              [
                75.0006058,
                18.481271
              ],
              [
                75.0006134,
                18.4812642
              ],
              [
                75.0006213,
                18.4812578
              ],
              [
                75.0006294,
                18.4812516
              ],
              [
                75.0006378,
                18.4812457
              ],
              [
                75.0006463,
                18.48124
              ],
              [
                75.000655,
                18.4812347
              ],
              [
                75.0006639,
                18.4812297
              ],
              [
                75.000673,
                18.4812251
              ],
              [
                75.0006822,
                18.4812207
              ],
              [
                75.0006916,
                18.4812167
              ],
              [
                75.0007011,
                18.481213
              ],
              [
                75.0007107,
                18.4812096
              ],
              [
                75.0007205,
                18.4812066
              ],
              [
                75.0007303,
                18.4812039
              ],
              [
                75.0007403,
                18.4812015
              ],
              [
                75.0007503,
                18.4811995
              ],
              [
                75.0007604,
                18.4811979
              ],
              [
                75.0007774,
                18.4811951
              ],
              [
                75.0007859,
                18.4811935
              ],
              [
                75.0007945,
                18.4811917
              ],
              [
                75.000803,
                18.4811898
              ],
              [
                75.0008114,
                18.4811878
              ],
              [
                75.0008198,
                18.4811856
              ],
              [
                75.0008282,
                18.4811832
              ],
              [
                75.0008365,
                18.4811807
              ],
              [
                75.0008448,
                18.481178
              ],
              [
                75.0008531,
                18.4811752
              ],
              [
                75.0008613,
                18.4811723
              ],
              [
                75.0008694,
                18.4811692
              ],
              [
                75.0008775,
                18.481166
              ],
              [
                75.0008855,
                18.4811626
              ],
              [
                75.0008935,
                18.4811591
              ],
              [
                75.0009014,
                18.4811555
              ],
              [
                75.0009092,
                18.4811517
              ],
              [
                75.000917,
                18.4811478
              ],
              [
                75.0009247,
                18.4811437
              ],
              [
                75.0009323,
                18.4811395
              ],
              [
                75.0009398,
                18.4811352
              ],
              [
                75.0009473,
                18.4811307
              ],
              [
                75.0009547,
                18.4811261
              ],
              [
                75.000962,
                18.4811214
              ],
              [
                75.0009715,
                18.4811157
              ],
              [
                75.0009779,
                18.4811145
              ],
              [
                75.0009844,
                18.4811151
              ],
              [
                75.0009905,
                18.4811172
              ],
              [
                75.0009958,
                18.4811209
              ],
              [
                75.0010051,
                18.4811274
              ],
              [
                75.0010025,
                18.4811369
              ],
              [
                75.001,
                18.4811465
              ],
              [
                75.0009977,
                18.4811561
              ],
              [
                75.0009753,
                18.4811815
              ],
              [
                75.0009533,
                18.4812072
              ],
              [
                75.0009177,
                18.4812485
              ],
              [
                75.0008894,
                18.48128
              ],
              [
                75.0008606,
                18.481311
              ],
              [
                75.0008312,
                18.4813415
              ],
              [
                75.0008014,
                18.4813714
              ],
              [
                75.0007709,
                18.4814009
              ],
              [
                75.0006998,
                18.4814667
              ],
              [
                75.0006541,
                18.4815071
              ],
              [
                75.0006078,
                18.4815466
              ],
              [
                75.0005608,
                18.4815853
              ],
              [
                75.0005131,
                18.4816232
              ],
              [
                75.0004648,
                18.4816602
              ],
              [
                75.0004158,
                18.4816964
              ],
              [
                75.0003662,
                18.4817317
              ],
              [
                75.000316,
                18.4817662
              ],
              [
                75.0002652,
                18.4817997
              ],
              [
                75.0002505,
                18.4818095
              ],
              [
                75.0002395,
                18.4818171
              ],
              [
                75.0002286,
                18.481825
              ],
              [
                75.0002178,
                18.481833
              ],
              [
                75.0002072,
                18.4818412
              ],
              [
                75.0001968,
                18.4818496
              ],
              [
                75.0001864,
                18.4818582
              ],
              [
                75.0001763,
                18.481867
              ],
              [
                75.0001663,
                18.481876
              ],
              [
                75.0001564,
                18.4818851
              ],
              [
                75.0001467,
                18.4818944
              ],
              [
                75.0001372,
                18.4819038
              ],
              [
                75.0001278,
                18.4819135
              ],
              [
                75.0001186,
                18.4819233
              ],
              [
                75.0001096,
                18.4819332
              ],
              [
                75.0001008,
                18.4819433
              ],
              [
                75.0000921,
                18.4819536
              ],
              [
                75.0000836,
                18.481964
              ],
              [
                75.0000753,
                18.4819746
              ],
              [
                75.0000672,
                18.4819853
              ],
              [
                75.0000593,
                18.4819961
              ],
              [
                75.0000515,
                18.4820071
              ],
              [
                75.000044,
                18.4820182
              ],
              [
                74.9999972,
                18.4820868
              ],
              [
                74.9999609,
                18.4821375
              ],
              [
                74.9999239,
                18.4821877
              ],
              [
                74.9998859,
                18.4822371
              ],
              [
                74.9998471,
                18.4822859
              ],
              [
                74.9998074,
                18.4823341
              ],
              [
                74.9997878,
                18.4823566
              ],
              [
                74.9997769,
                18.4823686
              ],
              [
                74.9997658,
                18.4823803
              ],
              [
                74.9997545,
                18.4823919
              ],
              [
                74.999743,
                18.4824032
              ],
              [
                74.9997313,
                18.4824144
              ],
              [
                74.9997194,
                18.4824253
              ],
              [
                74.9997073,
                18.482436
              ],
              [
                74.9996951,
                18.4824466
              ],
              [
                74.9996826,
                18.4824569
              ],
              [
                74.99967,
                18.4824669
              ],
              [
                74.9996572,
                18.4824768
              ],
              [
                74.9996442,
                18.4824864
              ],
              [
                74.9996311,
                18.4824958
              ],
              [
                74.9996178,
                18.482505
              ],
              [
                74.9996043,
                18.4825139
              ],
              [
                74.9995907,
                18.4825226
              ],
              [
                74.9995769,
                18.4825311
              ],
              [
                74.999563,
                18.4825393
              ],
              [
                74.9995406,
                18.4825526
              ],
              [
                74.9995202,
                18.4825651
              ],
              [
                74.9995001,
                18.4825781
              ],
              [
                74.9994801,
                18.4825913
              ],
              [
                74.9994604,
                18.482605
              ],
              [
                74.999441,
                18.4826189
              ],
              [
                74.9994218,
                18.4826333
              ],
              [
                74.9994028,
                18.4826479
              ],
              [
                74.9993841,
                18.4826629
              ],
              [
                74.9993657,
                18.4826782
              ],
              [
                74.9993475,
                18.4826938
              ],
              [
                74.9993296,
                18.4827097
              ],
              [
                74.999312,
                18.482726
              ],
              [
                74.9992947,
                18.4827425
              ],
              [
                74.9992777,
                18.4827594
              ],
              [
                74.9992609,
                18.4827765
              ],
              [
                74.9992445,
                18.482794
              ],
              [
                74.9992068,
                18.482834
              ],
              [
                74.9991704,
                18.4828712
              ],
              [
                74.9991334,
                18.4829078
              ],
              [
                74.9990958,
                18.4829437
              ],
              [
                74.9990575,
                18.4829789
              ],
              [
                74.9990187,
                18.4830134
              ],
              [
                74.9989792,
                18.4830473
              ],
              [
                74.9989391,
                18.4830805
              ],
              [
                74.9988985,
                18.4831129
              ],
              [
                74.9988573,
                18.4831447
              ],
              [
                74.9988244,
                18.4831702
              ],
              [
                74.9988005,
                18.4831896
              ],
              [
                74.9987769,
                18.4832094
              ],
              [
                74.9987536,
                18.4832296
              ],
              [
                74.9987307,
                18.4832502
              ],
              [
                74.9987082,
                18.4832712
              ],
              [
                74.998686,
                18.4832926
              ],
              [
                74.9986642,
                18.4833144
              ],
              [
                74.9986428,
                18.4833366
              ],
              [
                74.9986218,
                18.4833591
              ],
              [
                74.9986012,
                18.483382
              ],
              [
                74.998581,
                18.4834053
              ],
              [
                74.9985612,
                18.4834289
              ],
              [
                74.9985418,
                18.4834529
              ],
              [
                74.9985228,
                18.4834772
              ],
              [
                74.9985043,
                18.4835018
              ],
              [
                74.9984862,
                18.4835268
              ],
              [
                74.9984685,
                18.483552
              ],
              [
                74.9984513,
                18.4835776
              ],
              [
                74.9984345,
                18.4836035
              ],
              [
                74.9984182,
                18.4836296
              ],
              [
                74.9984108,
                18.4836418
              ],
              [
                74.9984051,
                18.4836508
              ],
              [
                74.9983991,
                18.4836598
              ],
              [
                74.998393,
                18.4836687
              ],
              [
                74.9983867,
                18.4836775
              ],
              [
                74.9983803,
                18.4836862
              ],
              [
                74.9983738,
                18.4836947
              ],
              [
                74.9983671,
                18.4837032
              ],
              [
                74.9983602,
                18.4837115
              ],
              [
                74.9983532,
                18.4837197
              ],
              [
                74.9983461,
                18.4837277
              ],
              [
                74.9983388,
                18.4837357
              ],
              [
                74.9983313,
                18.4837435
              ],
              [
                74.9983238,
                18.4837512
              ],
              [
                74.9983161,
                18.4837587
              ],
              [
                74.9983083,
                18.4837661
              ],
              [
                74.9983003,
                18.4837734
              ],
              [
                74.9982923,
                18.4837805
              ],
              [
                74.9982841,
                18.4837875
              ],
              [
                74.9982757,
                18.4837944
              ],
              [
                74.9982673,
                18.4838011
              ],
              [
                74.9982588,
                18.4838076
              ],
              [
                74.9982501,
                18.483814
              ],
              [
                74.9982413,
                18.4838203
              ],
              [
                74.9982324,
                18.4838264
              ],
              [
                74.9982234,
                18.4838323
              ],
              [
                74.9982143,
                18.4838381
              ],
              [
                74.9982052,
                18.4838437
              ],
              [
                74.9981959,
                18.4838491
              ],
              [
                74.9981865,
                18.4838544
              ],
              [
                74.998177,
                18.4838595
              ],
              [
                74.9981674,
                18.4838645
              ],
              [
                74.9981578,
                18.4838693
              ],
              [
                74.9981242,
                18.4838863
              ],
              [
                74.9981064,
                18.4838958
              ],
              [
                74.9980888,
                18.4839057
              ],
              [
                74.9980714,
                18.4839159
              ],
              [
                74.9980541,
                18.4839264
              ],
              [
                74.998037,
                18.4839372
              ],
              [
                74.9980201,
                18.4839483
              ],
              [
                74.9980035,
                18.4839596
              ],
              [
                74.997987,
                18.4839713
              ],
              [
                74.9979707,
                18.4839833
              ],
              [
                74.9979546,
                18.4839955
              ],
              [
                74.9979388,
                18.484008
              ],
              [
                74.9979232,
                18.4840208
              ],
              [
                74.9979078,
                18.4840339
              ],
              [
                74.9978926,
                18.4840472
              ],
              [
                74.9978777,
                18.4840608
              ],
              [
                74.997863,
                18.4840747
              ],
              [
                74.9978485,
                18.4840888
              ],
              [
                74.9978343,
                18.4841032
              ],
              [
                74.9978204,
                18.4841178
              ],
              [
                74.9978067,
                18.4841326
              ],
              [
                74.9977932,
                18.4841477
              ],
              [
                74.9977801,
                18.4841631
              ],
              [
                74.9977672,
                18.4841786
              ],
              [
                74.9977546,
                18.4841944
              ],
              [
                74.9977422,
                18.4842104
              ],
              [
                74.9977302,
                18.4842266
              ],
              [
                74.9977184,
                18.4842431
              ],
              [
                74.9977069,
                18.4842597
              ],
              [
                74.9976957,
                18.4842765
              ],
              [
                74.9976848,
                18.4842935
              ],
              [
                74.9976726,
                18.4843259
              ],
              [
                74.9976656,
                18.484343
              ],
              [
                74.9976583,
                18.48436
              ],
              [
                74.9976507,
                18.4843769
              ],
              [
                74.9976428,
                18.4843937
              ],
              [
                74.9976347,
                18.4844103
              ],
              [
                74.9976262,
                18.4844267
              ],
              [
                74.9976175,
                18.4844431
              ],
              [
                74.9976084,
                18.4844592
              ],
              [
                74.9975991,
                18.4844752
              ],
              [
                74.9975896,
                18.484491
              ],
              [
                74.9975837,
                18.4845001
              ],
              [
                74.9975788,
                18.484507
              ],
              [
                74.9975736,
                18.4845138
              ],
              [
                74.9975682,
                18.4845204
              ],
              [
                74.9975626,
                18.4845268
              ],
              [
                74.9975568,
                18.484533
              ],
              [
                74.9975507,
                18.484539
              ],
              [
                74.9975444,
                18.4845448
              ],
              [
                74.997538,
                18.4845504
              ],
              [
                74.9975313,
                18.4845557
              ],
              [
                74.9975245,
                18.4845608
              ],
              [
                74.9975175,
                18.4845657
              ],
              [
                74.9975103,
                18.4845703
              ],
              [
                74.997503,
                18.4845746
              ],
              [
                74.9974781,
                18.4845891
              ],
              [
                74.997454,
                18.4846037
              ],
              [
                74.99743,
                18.4846188
              ],
              [
                74.9974064,
                18.4846342
              ],
              [
                74.9973831,
                18.4846501
              ],
              [
                74.99736,
                18.4846664
              ],
              [
                74.9973372,
                18.4846831
              ],
              [
                74.9973147,
                18.4847002
              ],
              [
                74.9972925,
                18.4847177
              ],
              [
                74.9972706,
                18.4847355
              ],
              [
                74.997249,
                18.4847538
              ],
              [
                74.9972278,
                18.4847724
              ],
              [
                74.9972069,
                18.4847914
              ],
              [
                74.9971863,
                18.4848108
              ],
              [
                74.9971661,
                18.4848305
              ],
              [
                74.9971621,
                18.4848377
              ],
              [
                74.9971587,
                18.4848435
              ],
              [
                74.9971553,
                18.4848492
              ],
              [
                74.9971517,
                18.4848548
              ],
              [
                74.9971481,
                18.4848604
              ],
              [
                74.9971444,
                18.4848659
              ],
              [
                74.9971405,
                18.4848713
              ],
              [
                74.9971366,
                18.4848767
              ],
              [
                74.9971326,
                18.484882
              ],
              [
                74.9971285,
                18.4848872
              ],
              [
                74.9971243,
                18.4848924
              ],
              [
                74.99712,
                18.4848974
              ],
              [
                74.9971156,
                18.4849024
              ],
              [
                74.9971112,
                18.4849074
              ],
              [
                74.9971066,
                18.4849122
              ],
              [
                74.997102,
                18.484917
              ],
              [
                74.9970973,
                18.4849217
              ],
              [
                74.9970925,
                18.4849263
              ],
              [
                74.9970876,
                18.4849308
              ],
              [
                74.9970827,
                18.4849352
              ],
              [
                74.9970776,
                18.4849396
              ],
              [
                74.9970725,
                18.4849438
              ],
              [
                74.9970673,
                18.484948
              ],
              [
                74.9970621,
                18.484952
              ],
              [
                74.9970568,
                18.484956
              ],
              [
                74.9970514,
                18.4849599
              ],
              [
                74.9970459,
                18.4849637
              ],
              [
                74.9970404,
                18.4849674
              ],
              [
                74.9970348,
                18.484971
              ],
              [
                74.9970292,
                18.4849745
              ],
              [
                74.9970235,
                18.4849779
              ],
              [
                74.9970177,
                18.4849812
              ],
              [
                74.9969918,
                18.4849962
              ],
              [
                74.9969788,
                18.4850043
              ],
              [
                74.9969659,
                18.4850126
              ],
              [
                74.9969531,
                18.4850211
              ],
              [
                74.9969405,
                18.4850299
              ],
              [
                74.996928,
                18.4850388
              ],
              [
                74.9969157,
                18.485048
              ],
              [
                74.9969036,
                18.4850574
              ],
              [
                74.9968916,
                18.485067
              ],
              [
                74.9968798,
                18.4850769
              ],
              [
                74.9968681,
                18.4850869
              ],
              [
                74.9968567,
                18.4850971
              ],
              [
                74.9968454,
                18.4851075
              ],
              [
                74.9968327,
                18.4851192
              ],
              [
                74.9968226,
                18.4851281
              ],
              [
                74.9968124,
                18.4851368
              ],
              [
                74.996802,
                18.4851454
              ],
              [
                74.9967915,
                18.4851537
              ],
              [
                74.9967809,
                18.4851619
              ],
              [
                74.9967701,
                18.4851699
              ],
              [
                74.9967591,
                18.4851777
              ],
              [
                74.996748,
                18.4851853
              ],
              [
                74.9967368,
                18.4851927
              ],
              [
                74.9967255,
                18.4851999
              ],
              [
                74.996714,
                18.4852069
              ],
              [
                74.9967025,
                18.4852137
              ],
              [
                74.9966908,
                18.4852203
              ],
              [
                74.9966789,
                18.4852266
              ],
              [
                74.996667,
                18.4852328
              ],
              [
                74.996655,
                18.4852388
              ],
              [
                74.9966405,
                18.4852461
              ],
              [
                74.9966323,
                18.4852505
              ],
              [
                74.996624,
                18.4852551
              ],
              [
                74.9966159,
                18.4852598
              ],
              [
                74.9966079,
                18.4852647
              ],
              [
                74.9965999,
                18.4852697
              ],
              [
                74.996592,
                18.4852748
              ],
              [
                74.9965843,
                18.4852801
              ],
              [
                74.9965766,
                18.4852855
              ],
              [
                74.996569,
                18.4852911
              ],
              [
                74.9965615,
                18.4852967
              ],
              [
                74.9965541,
                18.4853026
              ],
              [
                74.9965468,
                18.4853085
              ],
              [
                74.9965396,
                18.4853146
              ],
              [
                74.9965325,
                18.4853208
              ],
              [
                74.9965256,
                18.4853271
              ],
              [
                74.9965187,
                18.4853335
              ],
              [
                74.996512,
                18.4853401
              ],
              [
                74.9965054,
                18.4853467
              ],
              [
                74.9964988,
                18.4853535
              ],
              [
                74.9964925,
                18.4853604
              ],
              [
                74.9964862,
                18.4853674
              ],
              [
                74.99648,
                18.4853746
              ],
              [
                74.996474,
                18.4853818
              ],
              [
                74.9964681,
                18.4853891
              ],
              [
                74.9964624,
                18.4853966
              ],
              [
                74.9964567,
                18.4854041
              ],
              [
                74.9964512,
                18.4854117
              ],
              [
                74.9964459,
                18.4854195
              ],
              [
                74.9964378,
                18.485431
              ],
              [
                74.9964315,
                18.4854397
              ],
              [
                74.996425,
                18.4854483
              ],
              [
                74.9964183,
                18.4854568
              ],
              [
                74.9964115,
                18.4854651
              ],
              [
                74.9964046,
                18.4854734
              ],
              [
                74.9963975,
                18.4854815
              ],
              [
                74.9963903,
                18.4854895
              ],
              [
                74.996383,
                18.4854973
              ],
              [
                74.9963755,
                18.485505
              ],
              [
                74.9963679,
                18.4855126
              ],
              [
                74.9963601,
                18.4855201
              ],
              [
                74.9963522,
                18.4855274
              ],
              [
                74.9963442,
                18.4855346
              ],
              [
                74.9963361,
                18.4855416
              ],
              [
                74.9963278,
                18.4855485
              ],
              [
                74.9963194,
                18.4855553
              ],
              [
                74.996311,
                18.4855619
              ],
              [
                74.9963023,
                18.4855683
              ],
              [
                74.9962936,
                18.4855746
              ],
              [
                74.9970254,
                18.4870464
              ],
              [
                74.9977151,
                18.488406
              ],
              [
                74.9982038,
                18.4894107
              ],
              [
                74.9983762,
                18.4897086
              ],
              [
                74.9990047,
                18.4906167
              ],
              [
                74.9997292,
                18.4917027
              ],
              [
                75.0004267,
                18.4927273
              ],
              [
                75.0006425,
                18.4930275
              ],
              [
                75.0021188,
                18.4924006
              ],
              [
                75.0031122,
                18.494188
              ],
              [
                75.0041085,
                18.4959875
              ],
              [
                75.0044219,
                18.4965671
              ],
              [
                75.0024145,
                18.4968777
              ],
              [
                74.9993443,
                18.4973504
              ],
              [
                74.9993605,
                18.4974949
              ],
              [
                74.9994544,
                18.4983987
              ],
              [
                74.9995265,
                18.4989918
              ],
              [
                74.9996413,
                18.4989598
              ],
              [
                75.001579,
                18.4986054
              ],
              [
                75.0018444,
                18.4998799
              ],
              [
                75.0021706,
                18.5014143
              ],
              [
                75.0021951,
                18.5015036
              ],
              [
                75.0022436,
                18.5014833
              ]
            ]
          ]
        }
      },
      "geometry": {
        "type": "Polygon",
        "coordinates": [
          [
            [
              75.0022888,
              18.501709
            ],
            [
              75.0027954,
              18.5008886
            ],
            [
              75.0033734,
              18.4999464
            ],
            [
              75.0038762,
              18.49912
            ],
            [
              75.0040172,
              18.4989447
            ],
            [
              75.0050282,
              18.4975311
            ],
            [
              75.0057715,
              18.4964981
            ],
            [
              75.0070394,
              18.4955619
            ],
            [
              75.0080061,
              18.4948273
            ],
            [
              75.0081921,
              18.4947439
            ],
            [
              75.0100922,
              18.4936557
            ],
            [
              75.0106609,
              18.4923344
            ],
            [
              75.0112982,
              18.4908386
            ],
            [
              75.0113029,
              18.4908275
            ],
            [
              75.0112868,
              18.4908211
            ],
            [
              75.0112243,
              18.4907965
            ],
            [
              75.010991,
              18.4904637
            ],
            [
              75.0100938,
              18.4891327
            ],
            [
              75.0087786,
              18.4881789
            ],
            [
              75.0087194,
              18.4881119
            ],
            [
              75.0084029,
              18.4872827
            ],
            [
              75.007879,
              18.4858587
            ],
            [
              75.0071717,
              18.4839781
            ],
            [
              75.0070416,
              18.4836587
            ],
            [
              75.0057058,
              18.4812244
            ],
            [
              75.0047125,
              18.4793704
            ],
            [
              75.0046811,
              18.4793117
            ],
            [
              75.0046784,
              18.479307
            ],
            [
              75.0045894,
              18.4792526
            ],
            [
              75.0044764,
              18.4791836
            ],
            [
              75.0044733,
              18.4791818
            ],
            [
              75.002742,
              18.4774649
            ],
            [
              75.0026102,
              18.4773783
            ],
            [
              75.0022389,
              18.4766466
            ],
            [
              75.0013034,
              18.4748027
            ],
            [
              75.0011831,
              18.474746
            ],
            [
              74.9999029,
              18.474076
            ],
            [
              74.9998099,
              18.4741001
            ],
            [
              74.9993274,
              18.4742246
            ],
            [
              74.9985681,
              18.4743896
            ],
            [
              74.9979023,
              18.4747947
            ],
            [
              74.9968721,
              18.4754373
            ],
            [
              74.9964836,
              18.4756661
            ],
            [
              74.9960494,
              18.4759441
            ],
            [
              74.9955823,
              18.4762334
            ],
            [
              74.9954625,
              18.4762949
            ],
            [
              74.9951306,
              18.476298
            ],
            [
              74.9945376,
              18.4763175
            ],
            [
              74.9937667,
              18.4763467
            ],
            [
              74.9921992,
              18.476382
            ],
            [
              74.9914464,
              18.4764212
            ],
            [
              74.9913932,
              18.476434
            ],
            [
              74.9909436,
              18.4764904
            ],
            [
              74.9905853,
              18.4765725
            ],
            [
              74.9897142,
              18.4767549
            ],
            [
              74.9887481,
              18.4769747
            ],
            [
              74.9881013,
              18.4771171
            ],
            [
              74.9870592,
              18.4772399
            ],
            [
              74.9856846,
              18.4773958
            ],
            [
              74.985291,
              18.4774434
            ],
            [
              74.9840474,
              18.4775919
            ],
            [
              74.9839349,
              18.4776144
            ],
            [
              74.983757,
              18.4776514
            ],
            [
              74.9831934,
              18.4777403
            ],
            [
              74.9824235,
              18.4776368
            ],
            [
              74.9821481,
              18.477605
            ],
            [
              74.9811725,
              18.4774686
            ],
            [
              74.9807548,
              18.4774138
            ],
            [
              74.9800478,
              18.4773209
            ],
            [
              74.9790245,
              18.477194
            ],
            [
              74.977891,
              18.4770373
            ],
            [
              74.9775457,
              18.4769824
            ],
            [
              74.9768306,
              18.4768022
            ],
            [
              74.9755518,
              18.4763639
            ],
            [
              74.9753069,
              18.4762958
            ],
            [
              74.9751204,
              18.4762583
            ],
            [
              74.9741509,
              18.4760154
            ],
            [
              74.9738516,
              18.4760056
            ],
            [
              74.9738368,
              18.4760048
            ],
            [
              74.9741805,
              18.4769687
            ],
            [
              74.9741089,
              18.477164
            ],
            [
              74.9739897,
              18.477478
            ],
            [
              74.9735121,
              18.4787124
            ],
            [
              74.9732676,
              18.4793096
            ],
            [
              74.9729201,
              18.4801906
            ],
            [
              74.9726426,
              18.4809122
            ],
            [
              74.9729925,
              18.4813824
            ],
            [
              74.9761049,
              18.4815441
            ],
            [
              74.9777401,
              18.4816579
            ],
            [
              74.9778267,
              18.4816395
            ],
            [
              74.9792016,
              18.4815015
            ],
            [
              74.9793123,
              18.4815213
            ],
            [
              74.9811425,
              18.4806074
            ],
            [
              74.9812297,
              18.481942
            ],
            [
              74.9813493,
              18.4838053
            ],
            [
              74.9793131,
              18.4836449
            ],
            [
              74.9788901,
              18.4835959
            ],
            [
              74.9789619,
              18.4837036
            ],
            [
              74.9798719,
              18.4847004
            ],
            [
              74.9801691,
              18.4850091
            ],
            [
              74.9803193,
              18.485149
            ],
            [
              74.9805247,
              18.4853653
            ],
            [
              74.9811453,
              18.4866313
            ],
            [
              74.9812731,
              18.4866712
            ],
            [
              74.9821592,
              18.4867695
            ],
            [
              74.9836843,
              18.4869433
            ],
            [
              74.9833641,
              18.4858541
            ],
            [
              74.9832205,
              18.4853861
            ],
            [
              74.9834378,
              18.4850233
            ],
            [
              74.9844806,
              18.4852951
            ],
            [
              74.984873,
              18.4856499
            ],
            [
              74.9856789,
              18.4853528
            ],
            [
              74.9861241,
              18.4851982
            ],
            [
              74.9862072,
              18.4851664
            ],
            [
              74.9861706,
              18.4850111
            ],
            [
              74.9860389,
              18.4838832
            ],
            [
              74.9859989,
              18.4835863
            ],
            [
              74.9870796,
              18.4841355
            ],
            [
              74.9870893,
              18.4830339
            ],
            [
              74.9875551,
              18.482753
            ],
            [
              74.9876871,
              18.4822974
            ],
            [
              74.9880183,
              18.4823409
            ],
            [
              74.9887202,
              18.4824319
            ],
            [
              74.9889614,
              18.4828757
            ],
            [
              74.9891288,
              18.4829236
            ],
            [
              74.9892991,
              18.4830652
            ],
            [
              74.9896566,
              18.4833894
            ],
            [
              74.9893263,
              18.484292
            ],
            [
              74.9889504,
              18.4842646
            ],
            [
              74.9888989,
              18.4848397
            ],
            [
              74.9894606,
              18.484802
            ],
            [
              74.9900829,
              18.4843202
            ],
            [
              74.9900767,
              18.4839526
            ],
            [
              74.9907101,
              18.4835357
            ],
            [
              74.9907112,
              18.4833648
            ],
            [
              74.9908382,
              18.4833037
            ],
            [
              74.9912423,
              18.4831715
            ],
            [
              74.9912667,
              18.4834261
            ],
            [
              74.9911486,
              18.4835195
            ],
            [
              74.9911554,
              18.4838015
            ],
            [
              74.990791,
              18.4844042
            ],
            [
              74.9912237,
              18.4844934
            ],
            [
              74.9911857,
              18.4846996
            ],
            [
              74.9906978,
              18.4847586
            ],
            [
              74.9907624,
              18.4856652
            ],
            [
              74.9905117,
              18.4858332
            ],
            [
              74.9905322,
              18.4862224
            ],
            [
              74.9907135,
              18.4860968
            ],
            [
              74.9915349,
              18.4854097
            ],
            [
              74.9921588,
              18.4848917
            ],
            [
              74.9923553,
              18.4841207
            ],
            [
              74.9928224,
              18.4836048
            ],
            [
              74.9935317,
              18.4828197
            ],
            [
              74.9940004,
              18.4822939
            ],
            [
              74.9940563,
              18.4822254
            ],
            [
              74.9941018,
              18.4824819
            ],
            [
              74.9943527,
              18.4830496
            ],
            [
              74.9948438,
              18.4841479
            ],
            [
              74.9952265,
              18.4849679
            ],
            [
              74.995447,
              18.4856636
            ],
            [
              74.9955573,
              18.4855812
            ],
            [
              74.9961083,
              18.4854805
            ],
            [
              74.9961203,
              18.4854771
            ],
            [
              74.9961269,
              18.485475
            ],
            [
              74.9961335,
              18.4854727
            ],
            [
              74.9961399,
              18.48547
            ],
            [
              74.9961462,
              18.4854672
            ],
            [
              74.9961525,
              18.4854642
            ],
            [
              74.9961586,
              18.4854608
            ],
            [
              74.9961647,
              18.4854574
            ],
            [
              74.9961706,
              18.4854537
            ],
            [
              74.9961763,
              18.4854498
            ],
            [
              74.996182,
              18.4854457
            ],
            [
              74.9961875,
              18.4854414
            ],
            [
              74.9961927,
              18.4854369
            ],
            [
              74.9961979,
              18.4854323
            ],
            [
              74.996203,
              18.4854274
            ],
            [
              74.9962077,
              18.4854223
            ],
            [
              74.9962124,
              18.4854172
            ],
            [
              74.9962476,
              18.4853775
            ],
            [
              74.9962744,
              18.4853485
            ],
            [
              74.9963016,
              18.48532
            ],
            [
              74.9963294,
              18.485292
            ],
            [
              74.9963575,
              18.4852645
            ],
            [
              74.9963863,
              18.4852375
            ],
            [
              74.9964155,
              18.4852109
            ],
            [
              74.9964451,
              18.485185
            ],
            [
              74.9964751,
              18.4851595
            ],
            [
              74.9964881,
              18.4851485
            ],
            [
              74.9964992,
              18.4851387
            ],
            [
              74.9965102,
              18.4851287
            ],
            [
              74.9965209,
              18.4851185
            ],
            [
              74.9965316,
              18.4851081
            ],
            [
              74.996542,
              18.4850975
            ],
            [
              74.9965522,
              18.4850868
            ],
            [
              74.9965623,
              18.4850758
            ],
            [
              74.9965722,
              18.4850647
            ],
            [
              74.9965819,
              18.4850534
            ],
            [
              74.9965913,
              18.4850419
            ],
            [
              74.9966005,
              18.4850303
            ],
            [
              74.9966097,
              18.4850185
            ],
            [
              74.9966185,
              18.4850066
            ],
            [
              74.9966272,
              18.4849945
            ],
            [
              74.9966356,
              18.4849822
            ],
            [
              74.996646,
              18.4849674
            ],
            [
              74.9966517,
              18.4849597
            ],
            [
              74.9966575,
              18.4849521
            ],
            [
              74.9966634,
              18.4849446
            ],
            [
              74.9966695,
              18.4849372
            ],
            [
              74.9966757,
              18.4849301
            ],
            [
              74.996682,
              18.4849229
            ],
            [
              74.9966885,
              18.4849158
            ],
            [
              74.996695,
              18.4849089
            ],
            [
              74.9967017,
              18.4849021
            ],
            [
              74.9967085,
              18.4848954
            ],
            [
              74.9967154,
              18.4848888
            ],
            [
              74.9967225,
              18.4848823
            ],
            [
              74.9967297,
              18.4848761
            ],
            [
              74.9967369,
              18.4848698
            ],
            [
              74.9967443,
              18.4848637
            ],
            [
              74.9967518,
              18.4848578
            ],
            [
              74.9967593,
              18.484852
            ],
            [
              74.996767,
              18.4848463
            ],
            [
              74.9967748,
              18.4848408
            ],
            [
              74.9967827,
              18.4848353
            ],
            [
              74.9967906,
              18.4848301
            ],
            [
              74.9967987,
              18.484825
            ],
            [
              74.9968068,
              18.4848201
            ],
            [
              74.996815,
              18.4848152
            ],
            [
              74.9968233,
              18.4848105
            ],
            [
              74.9968317,
              18.484806
            ],
            [
              74.9968402,
              18.4848015
            ],
            [
              74.9968487,
              18.4847973
            ],
            [
              74.9968573,
              18.4847932
            ],
            [
              74.996866,
              18.4847893
            ],
            [
              74.9968748,
              18.4847854
            ],
            [
              74.9968836,
              18.4847818
            ],
            [
              74.9969015,
              18.4847743
            ],
            [
              74.996912,
              18.4847696
            ],
            [
              74.9969223,
              18.4847647
            ],
            [
              74.9969327,
              18.4847597
            ],
            [
              74.9969429,
              18.4847545
            ],
            [
              74.9969529,
              18.484749
            ],
            [
              74.996963,
              18.4847435
            ],
            [
              74.9969729,
              18.4847377
            ],
            [
              74.9969827,
              18.4847318
            ],
            [
              74.9969924,
              18.4847257
            ],
            [
              74.9970021,
              18.4847194
            ],
            [
              74.9970115,
              18.484713
            ],
            [
              74.9970209,
              18.4847064
            ],
            [
              74.9970301,
              18.4846996
            ],
            [
              74.9970392,
              18.4846927
            ],
            [
              74.9970482,
              18.4846856
            ],
            [
              74.9970572,
              18.4846783
            ],
            [
              74.997066,
              18.484671
            ],
            [
              74.9970746,
              18.4846634
            ],
            [
              74.9970831,
              18.4846557
            ],
            [
              74.9970914,
              18.4846479
            ],
            [
              74.9970979,
              18.4846419
            ],
            [
              74.9971025,
              18.4846376
            ],
            [
              74.9971074,
              18.4846335
            ],
            [
              74.9971123,
              18.4846294
            ],
            [
              74.9971172,
              18.4846254
            ],
            [
              74.9971222,
              18.4846215
            ],
            [
              74.9971274,
              18.4846178
            ],
            [
              74.9971324,
              18.484614
            ],
            [
              74.9971377,
              18.4846104
            ],
            [
              74.997143,
              18.4846068
            ],
            [
              74.9971483,
              18.4846034
            ],
            [
              74.9971537,
              18.4846
            ],
            [
              74.9971592,
              18.4845968
            ],
            [
              74.9971646,
              18.4845937
            ],
            [
              74.9971702,
              18.4845906
            ],
            [
              74.9971758,
              18.4845877
            ],
            [
              74.9971814,
              18.4845849
            ],
            [
              74.9971872,
              18.4845821
            ],
            [
              74.997193,
              18.4845794
            ],
            [
              74.9971988,
              18.4845769
            ],
            [
              74.9972179,
              18.4845683
            ],
            [
              74.997231,
              18.4845623
            ],
            [
              74.9972439,
              18.4845559
            ],
            [
              74.9972569,
              18.4845492
            ],
            [
              74.9972697,
              18.4845424
            ],
            [
              74.9972822,
              18.4845353
            ],
            [
              74.9972948,
              18.484528
            ],
            [
              74.9973071,
              18.4845205
            ],
            [
              74.9973194,
              18.4845128
            ],
            [
              74.9973316,
              18.4845048
            ],
            [
              74.9973435,
              18.4844967
            ],
            [
              74.9973554,
              18.4844883
            ],
            [
              74.997367,
              18.4844798
            ],
            [
              74.9973786,
              18.484471
            ],
            [
              74.9974435,
              18.4844192
            ],
            [
              74.9974793,
              18.4843891
            ],
            [
              74.9975148,
              18.4843583
            ],
            [
              74.9975496,
              18.4843269
            ],
            [
              74.9975571,
              18.4843199
            ],
            [
              74.9975621,
              18.4843149
            ],
            [
              74.997567,
              18.4843099
            ],
            [
              74.9975717,
              18.4843049
            ],
            [
              74.9975765,
              18.4842998
            ],
            [
              74.997581,
              18.4842946
            ],
            [
              74.9975856,
              18.4842893
            ],
            [
              74.9975901,
              18.4842839
            ],
            [
              74.9975944,
              18.4842784
            ],
            [
              74.9975987,
              18.4842729
            ],
            [
              74.9976027,
              18.4842673
            ],
            [
              74.9976068,
              18.4842616
            ],
            [
              74.9976107,
              18.4842559
            ],
            [
              74.9976146,
              18.48425
            ],
            [
              74.9976183,
              18.4842441
            ],
            [
              74.997622,
              18.4842382
            ],
            [
              74.9976255,
              18.4842322
            ],
            [
              74.997629,
              18.4842261
            ],
            [
              74.9976323,
              18.48422
            ],
            [
              74.9976354,
              18.4842138
            ],
            [
              74.9976386,
              18.4842075
            ],
            [
              74.9976416,
              18.4842013
            ],
            [
              74.9976444,
              18.4841949
            ],
            [
              74.9976473,
              18.4841885
            ],
            [
              74.9976499,
              18.484182
            ],
            [
              74.9976525,
              18.4841755
            ],
            [
              74.9976549,
              18.484169
            ],
            [
              74.9976572,
              18.4841624
            ],
            [
              74.9976594,
              18.4841558
            ],
            [
              74.9976616,
              18.4841491
            ],
            [
              74.9976635,
              18.4841424
            ],
            [
              74.9976653,
              18.4841357
            ],
            [
              74.9976671,
              18.4841289
            ],
            [
              74.9976688,
              18.4841222
            ],
            [
              74.9976702,
              18.4841154
            ],
            [
              74.9976716,
              18.4841085
            ],
            [
              74.9976729,
              18.4841016
            ],
            [
              74.997674,
              18.4840947
            ],
            [
              74.997675,
              18.4840878
            ],
            [
              74.997676,
              18.4840809
            ],
            [
              74.9976768,
              18.4840739
            ],
            [
              74.9976774,
              18.484067
            ],
            [
              74.997679,
              18.484054
            ],
            [
              74.9976806,
              18.4840458
            ],
            [
              74.9976827,
              18.4840376
            ],
            [
              74.9976852,
              18.4840295
            ],
            [
              74.9976881,
              18.4840216
            ],
            [
              74.9976913,
              18.4840139
            ],
            [
              74.9976951,
              18.4840063
            ],
            [
              74.9976991,
              18.4839989
            ],
            [
              74.9977037,
              18.4839918
            ],
            [
              74.9977085,
              18.4839849
            ],
            [
              74.9977137,
              18.4839783
            ],
            [
              74.9977192,
              18.4839719
            ],
            [
              74.9977251,
              18.4839659
            ],
            [
              74.9977313,
              18.4839602
            ],
            [
              74.9977377,
              18.4839548
            ],
            [
              74.9977444,
              18.4839498
            ],
            [
              74.9977514,
              18.4839451
            ],
            [
              74.9977587,
              18.4839407
            ],
            [
              74.9977661,
              18.4839368
            ],
            [
              74.9977738,
              18.4839332
            ],
            [
              74.9977816,
              18.4839302
            ],
            [
              74.9977895,
              18.4839275
            ],
            [
              74.9977976,
              18.4839251
            ],
            [
              74.9978058,
              18.4839233
            ],
            [
              74.9978191,
              18.4839204
            ],
            [
              74.9978305,
              18.4839174
            ],
            [
              74.9978418,
              18.4839141
            ],
            [
              74.9978528,
              18.4839104
            ],
            [
              74.9978638,
              18.4839063
            ],
            [
              74.9978747,
              18.4839017
            ],
            [
              74.9978853,
              18.4838969
            ],
            [
              74.9978959,
              18.4838916
            ],
            [
              74.9979061,
              18.483886
            ],
            [
              74.9979162,
              18.4838801
            ],
            [
              74.997926,
              18.4838737
            ],
            [
              74.9979358,
              18.483867
            ],
            [
              74.9979452,
              18.48386
            ],
            [
              74.9979543,
              18.4838527
            ],
            [
              74.9979632,
              18.483845
            ],
            [
              74.9979718,
              18.4838371
            ],
            [
              74.9979802,
              18.4838288
            ],
            [
              74.9979882,
              18.4838203
            ],
            [
              74.997996,
              18.4838115
            ],
            [
              74.9980034,
              18.4838024
            ],
            [
              74.9980105,
              18.4837931
            ],
            [
              74.9980173,
              18.4837835
            ],
            [
              74.9980238,
              18.4837737
            ],
            [
              74.9980425,
              18.4837449
            ],
            [
              74.9980542,
              18.4837278
            ],
            [
              74.9980662,
              18.483711
            ],
            [
              74.9980785,
              18.4836944
            ],
            [
              74.998091,
              18.4836781
            ],
            [
              74.9981039,
              18.4836619
            ],
            [
              74.998117,
              18.483646
            ],
            [
              74.9981303,
              18.4836303
            ],
            [
              74.998144,
              18.4836148
            ],
            [
              74.998158,
              18.4835996
            ],
            [
              74.9981722,
              18.4835846
            ],
            [
              74.9981867,
              18.4835698
            ],
            [
              74.9982014,
              18.4835553
            ],
            [
              74.9982163,
              18.4835411
            ],
            [
              74.9982315,
              18.4835272
            ],
            [
              74.998247,
              18.4835135
            ],
            [
              74.9982627,
              18.4835001
            ],
            [
              74.9982786,
              18.4834871
            ],
            [
              74.9982948,
              18.4834742
            ],
            [
              74.9983187,
              18.4834548
            ],
            [
              74.9983321,
              18.4834435
            ],
            [
              74.9983454,
              18.483432
            ],
            [
              74.9983584,
              18.4834201
            ],
            [
              74.9983711,
              18.483408
            ],
            [
              74.9983838,
              18.4833958
            ],
            [
              74.9983961,
              18.4833833
            ],
            [
              74.9984083,
              18.4833707
            ],
            [
              74.9984201,
              18.4833577
            ],
            [
              74.9984319,
              18.4833446
            ],
            [
              74.9984433,
              18.4833313
            ],
            [
              74.9984546,
              18.4833178
            ],
            [
              74.9984655,
              18.483304
            ],
            [
              74.9984763,
              18.4832901
            ],
            [
              74.9984868,
              18.4832761
            ],
            [
              74.998497,
              18.4832618
            ],
            [
              74.9985087,
              18.4832458
            ],
            [
              74.9985172,
              18.4832345
            ],
            [
              74.9985258,
              18.4832235
            ],
            [
              74.9985347,
              18.4832127
            ],
            [
              74.9985437,
              18.4832019
            ],
            [
              74.9985529,
              18.4831913
            ],
            [
              74.9985624,
              18.4831809
            ],
            [
              74.998572,
              18.4831706
            ],
            [
              74.9985818,
              18.4831606
            ],
            [
              74.9985917,
              18.4831507
            ],
            [
              74.9986019,
              18.4831409
            ],
            [
              74.9986122,
              18.4831314
            ],
            [
              74.9986226,
              18.483122
            ],
            [
              74.9986333,
              18.4831128
            ],
            [
              74.998644,
              18.4831039
            ],
            [
              74.9986549,
              18.4830951
            ],
            [
              74.9986661,
              18.4830864
            ],
            [
              74.9986773,
              18.483078
            ],
            [
              74.9986887,
              18.4830697
            ],
            [
              74.9987002,
              18.4830617
            ],
            [
              74.9987119,
              18.4830539
            ],
            [
              74.9987236,
              18.4830463
            ],
            [
              74.9987356,
              18.4830389
            ],
            [
              74.9987476,
              18.4830318
            ],
            [
              74.9987598,
              18.4830248
            ],
            [
              74.9987721,
              18.483018
            ],
            [
              74.9987846,
              18.4830115
            ],
            [
              74.998797,
              18.4830051
            ],
            [
              74.9988097,
              18.482999
            ],
            [
              74.9988356,
              18.4829864
            ],
            [
              74.9988502,
              18.4829787
            ],
            [
              74.9988647,
              18.4829709
            ],
            [
              74.998879,
              18.4829628
            ],
            [
              74.9988932,
              18.4829544
            ],
            [
              74.9989072,
              18.4829458
            ],
            [
              74.998921,
              18.4829368
            ],
            [
              74.9989348,
              18.4829278
            ],
            [
              74.9989484,
              18.4829184
            ],
            [
              74.9989617,
              18.4829089
            ],
            [
              74.998975,
              18.4828991
            ],
            [
              74.998988,
              18.482889
            ],
            [
              74.9990008,
              18.4828787
            ],
            [
              74.9990136,
              18.4828683
            ],
            [
              74.9990261,
              18.4828575
            ],
            [
              74.9990384,
              18.4828466
            ],
            [
              74.9990505,
              18.4828354
            ],
            [
              74.9990624,
              18.4828241
            ],
            [
              74.9990742,
              18.4828126
            ],
            [
              74.9990857,
              18.4828007
            ],
            [
              74.999097,
              18.4827888
            ],
            [
              74.9991081,
              18.4827766
            ],
            [
              74.999119,
              18.4827642
            ],
            [
              74.9991297,
              18.4827517
            ],
            [
              74.9991401,
              18.4827389
            ],
            [
              74.9991504,
              18.4827261
            ],
            [
              74.9991604,
              18.482713
            ],
            [
              74.9991691,
              18.4827016
            ],
            [
              74.9991738,
              18.4826961
            ],
            [
              74.9991784,
              18.4826905
            ],
            [
              74.9991832,
              18.4826851
            ],
            [
              74.999188,
              18.4826798
            ],
            [
              74.999193,
              18.4826745
            ],
            [
              74.9991981,
              18.4826693
            ],
            [
              74.9992032,
              18.4826643
            ],
            [
              74.9992084,
              18.4826593
            ],
            [
              74.9992138,
              18.4826543
            ],
            [
              74.9992191,
              18.4826496
            ],
            [
              74.9992246,
              18.4826449
            ],
            [
              74.9992302,
              18.4826403
            ],
            [
              74.9992358,
              18.4826358
            ],
            [
              74.9992416,
              18.4826313
            ],
            [
              74.9992474,
              18.4826271
            ],
            [
              74.9992533,
              18.4826228
            ],
            [
              74.9992592,
              18.4826188
            ],
            [
              74.9992652,
              18.4826147
            ],
            [
              74.9992713,
              18.4826109
            ],
            [
              74.9992775,
              18.482607
            ],
            [
              74.9992837,
              18.4826034
            ],
            [
              74.9992964,
              18.4825958
            ],
            [
              74.9993044,
              18.4825907
            ],
            [
              74.9993124,
              18.4825856
            ],
            [
              74.9993203,
              18.4825802
            ],
            [
              74.9993281,
              18.4825747
            ],
            [
              74.9993358,
              18.482569
            ],
            [
              74.9993434,
              18.4825634
            ],
            [
              74.9993509,
              18.4825574
            ],
            [
              74.9993583,
              18.4825514
            ],
            [
              74.9993656,
              18.4825452
            ],
            [
              74.9993728,
              18.482539
            ],
            [
              74.9993798,
              18.4825326
            ],
            [
              74.9993868,
              18.4825261
            ],
            [
              74.9993937,
              18.4825194
            ],
            [
              74.9994003,
              18.4825127
            ],
            [
              74.9994069,
              18.4825058
            ],
            [
              74.9994134,
              18.4824989
            ],
            [
              74.9994198,
              18.4824917
            ],
            [
              74.999426,
              18.4824845
            ],
            [
              74.9994321,
              18.4824772
            ],
            [
              74.9994496,
              18.4824564
            ],
            [
              74.9994603,
              18.4824443
            ],
            [
              74.9994712,
              18.4824323
            ],
            [
              74.9994824,
              18.4824206
            ],
            [
              74.9994938,
              18.482409
            ],
            [
              74.9995054,
              18.4823977
            ],
            [
              74.9995171,
              18.4823865
            ],
            [
              74.9995291,
              18.4823756
            ],
            [
              74.9995412,
              18.4823648
            ],
            [
              74.9995535,
              18.4823543
            ],
            [
              74.9995661,
              18.482344
            ],
            [
              74.9995787,
              18.482334
            ],
            [
              74.9995916,
              18.482324
            ],
            [
              74.9996046,
              18.4823144
            ],
            [
              74.9996178,
              18.482305
            ],
            [
              74.9996312,
              18.4822959
            ],
            [
              74.9996447,
              18.482287
            ],
            [
              74.9996583,
              18.4822782
            ],
            [
              74.9996722,
              18.4822697
            ],
            [
              74.9996855,
              18.4822615
            ],
            [
              74.9996947,
              18.4822557
            ],
            [
              74.9997038,
              18.4822495
            ],
            [
              74.9997128,
              18.4822432
            ],
            [
              74.9997216,
              18.4822368
            ],
            [
              74.9997304,
              18.4822302
            ],
            [
              74.9997391,
              18.4822234
            ],
            [
              74.9997477,
              18.4822166
            ],
            [
              74.9997561,
              18.4822096
            ],
            [
              74.9997644,
              18.4822024
            ],
            [
              74.9997725,
              18.482195
            ],
            [
              74.9997806,
              18.4821875
            ],
            [
              74.9997885,
              18.4821799
            ],
            [
              74.9997962,
              18.4821722
            ],
            [
              74.9998039,
              18.4821643
            ],
            [
              74.9998114,
              18.4821563
            ],
            [
              74.9998187,
              18.4821481
            ],
            [
              74.999826,
              18.4821399
            ],
            [
              74.999833,
              18.4821315
            ],
            [
              74.9998399,
              18.4821229
            ],
            [
              74.9998466,
              18.4821143
            ],
            [
              74.9998533,
              18.4821055
            ],
            [
              74.9998598,
              18.4820966
            ],
            [
              74.9998661,
              18.4820876
            ],
            [
              74.9998722,
              18.4820785
            ],
            [
              74.9998782,
              18.4820693
            ],
            [
              74.999884,
              18.48206
            ],
            [
              74.9998897,
              18.4820506
            ],
            [
              74.9998951,
              18.4820411
            ],
            [
              74.9999005,
              18.4820315
            ],
            [
              74.9999057,
              18.4820218
            ],
            [
              74.9999106,
              18.4820119
            ],
            [
              74.9999155,
              18.4820021
            ],
            [
              74.9999219,
              18.4819891
            ],
            [
              74.9999277,
              18.4819778
            ],
            [
              74.9999336,
              18.4819667
            ],
            [
              74.9999397,
              18.4819557
            ],
            [
              74.9999461,
              18.4819448
            ],
            [
              74.9999527,
              18.481934
            ],
            [
              74.9999594,
              18.4819233
            ],
            [
              74.9999663,
              18.4819127
            ],
            [
              74.9999733,
              18.4819022
            ],
            [
              74.9999806,
              18.4818919
            ],
            [
              74.9999881,
              18.4818818
            ],
            [
              74.9999957,
              18.4818717
            ],
            [
              75.0000035,
              18.4818617
            ],
            [
              75.0000115,
              18.481852
            ],
            [
              75.0000196,
              18.4818424
            ],
            [
              75.0000279,
              18.4818329
            ],
            [
              75.0000365,
              18.4818235
            ],
            [
              75.0000451,
              18.4818143
            ],
            [
              75.0000539,
              18.4818053
            ],
            [
              75.0000629,
              18.4817964
            ],
            [
              75.000072,
              18.4817877
            ],
            [
              75.0000812,
              18.4817791
            ],
            [
              75.0000906,
              18.4817707
            ],
            [
              75.0001002,
              18.4817625
            ],
            [
              75.0001099,
              18.4817544
            ],
            [
              75.0001197,
              18.4817465
            ],
            [
              75.0001429,
              18.4817276
            ],
            [
              75.0001552,
              18.4817171
            ],
            [
              75.0001672,
              18.4817063
            ],
            [
              75.0001791,
              18.4816955
            ],
            [
              75.0001907,
              18.4816844
            ],
            [
              75.0002022,
              18.481673
            ],
            [
              75.0002134,
              18.4816615
            ],
            [
              75.0002245,
              18.4816498
            ],
            [
              75.0002354,
              18.4816379
            ],
            [
              75.000246,
              18.4816258
            ],
            [
              75.0002565,
              18.4816136
            ],
            [
              75.000284,
              18.4815815
            ],
            [
              75.0003012,
              18.4815623
            ],
            [
              75.0003189,
              18.4815434
            ],
            [
              75.0003368,
              18.4815248
            ],
            [
              75.0003551,
              18.4815065
            ],
            [
              75.0003737,
              18.4814886
            ],
            [
              75.0003926,
              18.4814709
            ],
            [
              75.0004117,
              18.4814537
            ],
            [
              75.0004313,
              18.4814367
            ],
            [
              75.0004597,
              18.4814117
            ],
            [
              75.0004788,
              18.4813944
            ],
            [
              75.0004974,
              18.4813767
            ],
            [
              75.0005158,
              18.4813587
            ],
            [
              75.0005338,
              18.4813404
            ],
            [
              75.0005515,
              18.4813217
            ],
            [
              75.0005688,
              18.4813028
            ],
            [
              75.0005859,
              18.4812836
            ],
            [
              75.0006026,
              18.481264
            ],
            [
              75.000608,
              18.4812577
            ],
            [
              75.000615,
              18.4812501
            ],
            [
              75.0006222,
              18.4812427
            ],
            [
              75.0006298,
              18.4812356
            ],
            [
              75.0006375,
              18.4812288
            ],
            [
              75.0006455,
              18.4812223
            ],
            [
              75.0006537,
              18.481216
            ],
            [
              75.0006622,
              18.48121
            ],
            [
              75.0006708,
              18.4812042
            ],
            [
              75.0006797,
              18.4811989
            ],
            [
              75.0006887,
              18.4811938
            ],
            [
              75.0006979,
              18.4811892
            ],
            [
              75.0007072,
              18.4811847
            ],
            [
              75.0007167,
              18.4811806
            ],
            [
              75.0007263,
              18.4811769
            ],
            [
              75.0007361,
              18.4811735
            ],
            [
              75.000746,
              18.4811704
            ],
            [
              75.0007559,
              18.4811677
            ],
            [
              75.0007661,
              18.4811652
            ],
            [
              75.0007762,
              18.4811632
            ],
            [
              75.0007864,
              18.4811616
            ],
            [
              75.0008036,
              18.4811588
            ],
            [
              75.0008122,
              18.4811571
            ],
            [
              75.000821,
              18.4811553
            ],
            [
              75.0008296,
              18.4811534
            ],
            [
              75.0008381,
              18.4811514
            ],
            [
              75.0008466,
              18.4811491
            ],
            [
              75.0008551,
              18.4811467
            ],
            [
              75.0008635,
              18.4811442
            ],
            [
              75.0008719,
              18.4811414
            ],
            [
              75.0008803,
              18.4811386
            ],
            [
              75.0008886,
              18.4811357
            ],
            [
              75.0008968,
              18.4811325
            ],
            [
              75.000905,
              18.4811293
            ],
            [
              75.0009131,
              18.4811258
            ],
            [
              75.0009212,
              18.4811223
            ],
            [
              75.0009292,
              18.4811187
            ],
            [
              75.0009371,
              18.4811148
            ],
            [
              75.000945,
              18.4811109
            ],
            [
              75.0009528,
              18.4811067
            ],
            [
              75.0009605,
              18.4811024
            ],
            [
              75.0009681,
              18.4810981
            ],
            [
              75.0009757,
              18.4810935
            ],
            [
              75.0009832,
              18.4810889
            ],
            [
              75.0009906,
              18.4810841
            ],
            [
              75.0010002,
              18.4810783
            ],
            [
              75.0010067,
              18.4810771
            ],
            [
              75.0010133,
              18.4810777
            ],
            [
              75.0010195,
              18.4810799
            ],
            [
              75.0010249,
              18.4810836
            ],
            [
              75.0010343,
              18.4810902
            ],
            [
              75.0010316,
              18.4810998
            ],
            [
              75.0010291,
              18.4811095
            ],
            [
              75.0010268,
              18.4811193
            ],
            [
              75.0010041,
              18.481145
            ],
            [
              75.0009818,
              18.481171
            ],
            [
              75.0009457,
              18.4812129
            ],
            [
              75.0009171,
              18.4812448
            ],
            [
              75.0008879,
              18.4812762
            ],
            [
              75.0008581,
              18.4813071
            ],
            [
              75.0008279,
              18.4813373
            ],
            [
              75.0007971,
              18.4813672
            ],
            [
              75.000725,
              18.4814339
            ],
            [
              75.0006787,
              18.4814748
            ],
            [
              75.0006318,
              18.4815148
            ],
            [
              75.0005842,
              18.481554
            ],
            [
              75.0005359,
              18.4815924
            ],
            [
              75.000487,
              18.4816299
            ],
            [
              75.0004374,
              18.4816665
            ],
            [
              75.0003871,
              18.4817023
            ],
            [
              75.0003363,
              18.4817372
            ],
            [
              75.0002848,
              18.4817712
            ],
            [
              75.0002699,
              18.4817811
            ],
            [
              75.0002588,
              18.4817888
            ],
            [
              75.0002477,
              18.4817968
            ],
            [
              75.0002368,
              18.4818049
            ],
            [
              75.0002261,
              18.4818132
            ],
            [
              75.0002155,
              18.4818217
            ],
            [
              75.000205,
              18.4818304
            ],
            [
              75.0001948,
              18.4818393
            ],
            [
              75.0001846,
              18.4818485
            ],
            [
              75.0001746,
              18.4818577
            ],
            [
              75.0001648,
              18.4818671
            ],
            [
              75.0001552,
              18.4818766
            ],
            [
              75.0001456,
              18.4818864
            ],
            [
              75.0001363,
              18.4818964
            ],
            [
              75.0001272,
              18.4819064
            ],
            [
              75.0001183,
              18.4819166
            ],
            [
              75.0001095,
              18.4819271
            ],
            [
              75.0001009,
              18.4819376
            ],
            [
              75.0000925,
              18.4819483
            ],
            [
              75.0000843,
              18.4819592
            ],
            [
              75.0000763,
              18.4819701
            ],
            [
              75.0000684,
              18.4819813
            ],
            [
              75.0000608,
              18.4819925
            ],
            [
              75.0000134,
              18.482062
            ],
            [
              74.9999766,
              18.4821133
            ],
            [
              74.9999391,
              18.4821642
            ],
            [
              74.9999006,
              18.4822142
            ],
            [
              74.9998613,
              18.4822637
            ],
            [
              74.9998211,
              18.4823125
            ],
            [
              74.9998013,
              18.4823353
            ],
            [
              74.9997902,
              18.4823474
            ],
            [
              74.999779,
              18.4823593
            ],
            [
              74.9997675,
              18.482371
            ],
            [
              74.9997559,
              18.4823825
            ],
            [
              74.999744,
              18.4823938
            ],
            [
              74.999732,
              18.4824049
            ],
            [
              74.9997197,
              18.4824157
            ],
            [
              74.9997074,
              18.4824264
            ],
            [
              74.9996947,
              18.4824369
            ],
            [
              74.9996819,
              18.482447
            ],
            [
              74.999669,
              18.482457
            ],
            [
              74.9996558,
              18.4824667
            ],
            [
              74.9996425,
              18.4824763
            ],
            [
              74.9996291,
              18.4824856
            ],
            [
              74.9996154,
              18.4824946
            ],
            [
              74.9996016,
              18.4825034
            ],
            [
              74.9995876,
              18.482512
            ],
            [
              74.9995735,
              18.4825203
            ],
            [
              74.9995509,
              18.4825338
            ],
            [
              74.9995302,
              18.4825465
            ],
            [
              74.9995098,
              18.4825596
            ],
            [
              74.9994896,
              18.482573
            ],
            [
              74.9994696,
              18.4825869
            ],
            [
              74.99945,
              18.482601
            ],
            [
              74.9994305,
              18.4826155
            ],
            [
              74.9994113,
              18.4826303
            ],
            [
              74.9993923,
              18.4826455
            ],
            [
              74.9993737,
              18.482661
            ],
            [
              74.9993553,
              18.4826768
            ],
            [
              74.9993371,
              18.4826929
            ],
            [
              74.9993193,
              18.4827094
            ],
            [
              74.9993018,
              18.4827262
            ],
            [
              74.9992846,
              18.4827433
            ],
            [
              74.9992675,
              18.4827606
            ],
            [
              74.9992509,
              18.4827783
            ],
            [
              74.9992127,
              18.4828188
            ],
            [
              74.9991759,
              18.4828565
            ],
            [
              74.9991384,
              18.4828936
            ],
            [
              74.9991003,
              18.48293
            ],
            [
              74.9990615,
              18.4829656
            ],
            [
              74.9990222,
              18.4830006
            ],
            [
              74.9989822,
              18.4830349
            ],
            [
              74.9989416,
              18.4830685
            ],
            [
              74.9989005,
              18.4831013
            ],
            [
              74.9988587,
              18.4831335
            ],
            [
              74.9988254,
              18.4831594
            ],
            [
              74.9988012,
              18.483179
            ],
            [
              74.9987773,
              18.4831991
            ],
            [
              74.9987537,
              18.4832195
            ],
            [
              74.9987305,
              18.4832404
            ],
            [
              74.9987077,
              18.4832617
            ],
            [
              74.9986852,
              18.4832834
            ],
            [
              74.9986631,
              18.4833054
            ],
            [
              74.9986415,
              18.4833279
            ],
            [
              74.9986202,
              18.4833507
            ],
            [
              74.9985993,
              18.4833739
            ],
            [
              74.9985789,
              18.4833975
            ],
            [
              74.9985588,
              18.4834214
            ],
            [
              74.9985392,
              18.4834457
            ],
            [
              74.9985199,
              18.4834703
            ],
            [
              74.9985012,
              18.4834953
            ],
            [
              74.9984828,
              18.4835206
            ],
            [
              74.9984649,
              18.4835461
            ],
            [
              74.9984475,
              18.483572
            ],
            [
              74.9984305,
              18.4835983
            ],
            [
              74.998414,
              18.4836247
            ],
            [
              74.9984065,
              18.4836371
            ],
            [
              74.9984007,
              18.4836462
            ],
            [
              74.9983946,
              18.4836553
            ],
            [
              74.9983884,
              18.4836643
            ],
            [
              74.9983821,
              18.4836732
            ],
            [
              74.9983756,
              18.483682
            ],
            [
              74.998369,
              18.4836907
            ],
            [
              74.9983622,
              18.4836993
            ],
            [
              74.9983552,
              18.4837077
            ],
            [
              74.9983481,
              18.483716
            ],
            [
              74.9983409,
              18.4837241
            ],
            [
              74.9983335,
              18.4837322
            ],
            [
              74.9983259,
              18.4837401
            ],
            [
              74.9983183,
              18.4837479
            ],
            [
              74.9983105,
              18.4837555
            ],
            [
              74.9983026,
              18.483763
            ],
            [
              74.9982945,
              18.4837704
            ],
            [
              74.9982864,
              18.4837776
            ],
            [
              74.9982781,
              18.4837847
            ],
            [
              74.9982696,
              18.4837916
            ],
            [
              74.9982611,
              18.4837984
            ],
            [
              74.9982525,
              18.483805
            ],
            [
              74.9982437,
              18.4838115
            ],
            [
              74.9982348,
              18.4838179
            ],
            [
              74.9982258,
              18.4838241
            ],
            [
              74.9982166,
              18.48383
            ],
            [
              74.9982074,
              18.4838359
            ],
            [
              74.9981982,
              18.4838416
            ],
            [
              74.9981888,
              18.483847
            ],
            [
              74.9981793,
              18.4838524
            ],
            [
              74.9981696,
              18.4838576
            ],
            [
              74.9981599,
              18.4838626
            ],
            [
              74.9981502,
              18.4838675
            ],
            [
              74.9981162,
              18.4838847
            ],
            [
              74.9980981,
              18.4838943
            ],
            [
              74.9980803,
              18.4839044
            ],
            [
              74.9980627,
              18.4839147
            ],
            [
              74.9980452,
              18.4839253
            ],
            [
              74.9980278,
              18.4839363
            ],
            [
              74.9980107,
              18.4839475
            ],
            [
              74.9979939,
              18.483959
            ],
            [
              74.9979772,
              18.4839708
            ],
            [
              74.9979607,
              18.483983
            ],
            [
              74.9979444,
              18.4839953
            ],
            [
              74.9979284,
              18.484008
            ],
            [
              74.9979126,
              18.484021
            ],
            [
              74.997897,
              18.4840342
            ],
            [
              74.9978816,
              18.4840477
            ],
            [
              74.9978665,
              18.4840615
            ],
            [
              74.9978516,
              18.4840756
            ],
            [
              74.9978369,
              18.4840898
            ],
            [
              74.9978225,
              18.4841044
            ],
            [
              74.9978084,
              18.4841192
            ],
            [
              74.9977946,
              18.4841342
            ],
            [
              74.9977809,
              18.4841495
            ],
            [
              74.9977676,
              18.4841651
            ],
            [
              74.9977546,
              18.4841808
            ],
            [
              74.9977418,
              18.4841968
            ],
            [
              74.9977292,
              18.484213
            ],
            [
              74.9977171,
              18.4842294
            ],
            [
              74.9977051,
              18.4842461
            ],
            [
              74.9976935,
              18.484263
            ],
            [
              74.9976821,
              18.48428
            ],
            [
              74.9976711,
              18.4842972
            ],
            [
              74.9976587,
              18.48433
            ],
            [
              74.9976516,
              18.4843473
            ],
            [
              74.9976442,
              18.4843645
            ],
            [
              74.9976365,
              18.4843817
            ],
            [
              74.9976285,
              18.4843987
            ],
            [
              74.9976203,
              18.4844155
            ],
            [
              74.9976117,
              18.4844321
            ],
            [
              74.9976029,
              18.4844487
            ],
            [
              74.9975937,
              18.484465
            ],
            [
              74.9975843,
              18.4844812
            ],
            [
              74.9975747,
              18.4844972
            ],
            [
              74.9975687,
              18.4845065
            ],
            [
              74.9975637,
              18.4845134
            ],
            [
              74.9975585,
              18.4845203
            ],
            [
              74.997553,
              18.484527
            ],
            [
              74.9975473,
              18.4845335
            ],
            [
              74.9975414,
              18.4845398
            ],
            [
              74.9975353,
              18.4845459
            ],
            [
              74.9975289,
              18.4845517
            ],
            [
              74.9975224,
              18.4845574
            ],
            [
              74.9975156,
              18.4845628
            ],
            [
              74.9975087,
              18.4845679
            ],
            [
              74.9975016,
              18.4845729
            ],
            [
              74.9974943,
              18.4845776
            ],
            [
              74.9974869,
              18.4845819
            ],
            [
              74.9974617,
              18.4845966
            ],
            [
              74.9974373,
              18.4846114
            ],
            [
              74.997413,
              18.4846267
            ],
            [
              74.9973891,
              18.4846423
            ],
            [
              74.9973655,
              18.4846584
            ],
            [
              74.9973421,
              18.4846749
            ],
            [
              74.997319,
              18.4846918
            ],
            [
              74.9972962,
              18.4847091
            ],
            [
              74.9972737,
              18.4847269
            ],
            [
              74.9972515,
              18.4847449
            ],
            [
              74.9972297,
              18.4847634
            ],
            [
              74.9972082,
              18.4847823
            ],
            [
              74.997187,
              18.4848015
            ],
            [
              74.9971661,
              18.4848212
            ],
            [
              74.9971457,
              18.4848411
            ],
            [
              74.9971416,
              18.4848484
            ],
            [
              74.9971382,
              18.4848543
            ],
            [
              74.9971347,
              18.4848601
            ],
            [
              74.9971311,
              18.4848657
            ],
            [
              74.9971275,
              18.4848714
            ],
            [
              74.9971237,
              18.484877
            ],
            [
              74.9971198,
              18.4848824
            ],
            [
              74.9971158,
              18.4848879
            ],
            [
              74.9971118,
              18.4848933
            ],
            [
              74.9971076,
              18.4848986
            ],
            [
              74.9971033,
              18.4849038
            ],
            [
              74.997099,
              18.4849089
            ],
            [
              74.9970945,
              18.484914
            ],
            [
              74.9970901,
              18.484919
            ],
            [
              74.9970854,
              18.4849239
            ],
            [
              74.9970808,
              18.4849287
            ],
            [
              74.997076,
              18.4849335
            ],
            [
              74.9970711,
              18.4849382
            ],
            [
              74.9970662,
              18.4849427
            ],
            [
              74.9970612,
              18.4849472
            ],
            [
              74.997056,
              18.4849516
            ],
            [
              74.9970509,
              18.4849559
            ],
            [
              74.9970456,
              18.4849601
            ],
            [
              74.9970403,
              18.4849642
            ],
            [
              74.997035,
              18.4849682
            ],
            [
              74.9970295,
              18.4849722
            ],
            [
              74.9970239,
              18.484976
            ],
            [
              74.9970184,
              18.4849798
            ],
            [
              74.9970127,
              18.4849834
            ],
            [
              74.997007,
              18.484987
            ],
            [
              74.9970012,
              18.4849904
            ],
            [
              74.9969954,
              18.4849938
            ],
            [
              74.9969691,
              18.485009
            ],
            [
              74.996956,
              18.4850172
            ],
            [
              74.9969429,
              18.4850256
            ],
            [
              74.9969299,
              18.4850342
            ],
            [
              74.9969172,
              18.4850431
            ],
            [
              74.9969045,
              18.4850521
            ],
            [
              74.9968921,
              18.4850614
            ],
            [
              74.9968798,
              18.485071
            ],
            [
              74.9968676,
              18.4850807
            ],
            [
              74.9968557,
              18.4850907
            ],
            [
              74.9968438,
              18.4851008
            ],
            [
              74.9968323,
              18.4851112
            ],
            [
              74.9968208,
              18.4851217
            ],
            [
              74.996808,
              18.4851336
            ],
            [
              74.9967978,
              18.4851426
            ],
            [
              74.9967874,
              18.4851514
            ],
            [
              74.9967769,
              18.4851601
            ],
            [
              74.9967663,
              18.4851685
            ],
            [
              74.9967555,
              18.4851768
            ],
            [
              74.9967446,
              18.4851849
            ],
            [
              74.9967334,
              18.4851928
            ],
            [
              74.9967222,
              18.4852005
            ],
            [
              74.9967108,
              18.485208
            ],
            [
              74.9966994,
              18.4852153
            ],
            [
              74.9966877,
              18.4852224
            ],
            [
              74.9966761,
              18.4852293
            ],
            [
              74.9966642,
              18.485236
            ],
            [
              74.9966522,
              18.4852423
            ],
            [
              74.9966401,
              18.4852486
            ],
            [
              74.996628,
              18.4852547
            ],
            [
              74.9966133,
              18.4852621
            ],
            [
              74.996605,
              18.4852665
            ],
            [
              74.9965966,
              18.4852712
            ],
            [
              74.9965884,
              18.485276
            ],
            [
              74.9965803,
              18.4852809
            ],
            [
              74.9965722,
              18.485286
            ],
            [
              74.9965642,
              18.4852912
            ],
            [
              74.9965564,
              18.4852965
            ],
            [
              74.9965486,
              18.485302
            ],
            [
              74.9965409,
              18.4853077
            ],
            [
              74.9965333,
              18.4853133
            ],
            [
              74.9965258,
              18.4853193
            ],
            [
              74.9965184,
              18.4853253
            ],
            [
              74.9965111,
              18.4853315
            ],
            [
              74.9965039,
              18.4853378
            ],
            [
              74.9964969,
              18.4853441
            ],
            [
              74.9964899,
              18.4853506
            ],
            [
              74.9964831,
              18.4853573
            ],
            [
              74.9964765,
              18.485364
            ],
            [
              74.9964698,
              18.4853709
            ],
            [
              74.9964634,
              18.4853779
            ],
            [
              74.996457,
              18.485385
            ],
            [
              74.9964507,
              18.4853923
            ],
            [
              74.9964446,
              18.4853995
            ],
            [
              74.9964387,
              18.4854069
            ],
            [
              74.9964329,
              18.4854145
            ],
            [
              74.9964271,
              18.4854221
            ],
            [
              74.9964216,
              18.4854298
            ],
            [
              74.9964162,
              18.4854377
            ],
            [
              74.996408,
              18.4854494
            ],
            [
              74.9964016,
              18.4854582
            ],
            [
              74.996395,
              18.4854669
            ],
            [
              74.9963882,
              18.4854755
            ],
            [
              74.9963813,
              18.4854839
            ],
            [
              74.9963744,
              18.4854923
            ],
            [
              74.9963672,
              18.4855005
            ],
            [
              74.9963599,
              18.4855086
            ],
            [
              74.9963525,
              18.4855165
            ],
            [
              74.9963449,
              18.4855243
            ],
            [
              74.9963372,
              18.485532
            ],
            [
              74.9963293,
              18.4855396
            ],
            [
              74.9963213,
              18.485547
            ],
            [
              74.9963132,
              18.4855543
            ],
            [
              74.996305,
              18.4855614
            ],
            [
              74.9962966,
              18.4855684
            ],
            [
              74.9962881,
              18.4855753
            ],
            [
              74.9962795,
              18.485582
            ],
            [
              74.9962707,
              18.4855885
            ],
            [
              74.9962619,
              18.4855948
            ],
            [
              74.9970032,
              18.4870856
            ],
            [
              74.9977018,
              18.4884628
            ],
            [
              74.9981968,
              18.4894805
            ],
            [
              74.9983714,
              18.4897822
            ],
            [
              74.999008,
              18.4907021
            ],
            [
              74.9997419,
              18.4918021
            ],
            [
              75.0004484,
              18.4928399
            ],
            [
              75.000667,
              18.493144
            ],
            [
              75.0021624,
              18.492509
            ],
            [
              75.0031686,
              18.4943195
            ],
            [
              75.0041778,
              18.4961422
            ],
            [
              75.0044952,
              18.4967293
            ],
            [
              75.0024619,
              18.4970439
            ],
            [
              74.999352,
              18.4975227
            ],
            [
              74.9993684,
              18.4976691
            ],
            [
              74.9994635,
              18.4985846
            ],
            [
              74.9995366,
              18.4991853
            ],
            [
              74.9996529,
              18.4991529
            ],
            [
              75.0016156,
              18.4987939
            ],
            [
              75.0018844,
              18.5000849
            ],
            [
              75.0022148,
              18.5016391
            ],
            [
              75.0022396,
              18.5017296
            ],
            [
              75.0022888,
              18.501709
            ]
          ]
        ]
      }
    }
  ]
}